1,_NoName,1,0,-0.37554,214.119,0x00000000,9
10,_NoName,1,0,-10.49957,231.453,0x00200000,9,2367
9,_NoName,1,0,-23.6651,200.649,0x00040000,2367,2266,11
11,_NoName,1,0,-13.0971,200.205,0x00000000,9
12,_NoName,1,0,-6.86472,-862.931,0x00000000,589,600
15,_NoName,1,0,-73.433,236.984,0x00000000,2,16
16,_NoName,1,0,-49.4983,272.567,0x00040000,17,15
17,_NoName,1,0,-39.8484,281.48,0x00200000,2367,25,16
18,_NoName,1,0,614.366,-2343.09,0x00000000,2087,363
19,_NoName,1,0,130.271,-1274.55,0x00008000,273,279,2078,272
20,_NoName,1,0,-115.996,293.912,0x00000000,3,301
21,_NoName,1,0,724.495,-439.95,0x00008000,71,1799
22,_NoName,1,0,-99.2909,369.209,0x00200000,301,23,24
23,_NoName,1,0,-125.418,377.693,0x00000000,22,308
24,_NoName,1,0,-88.5794,364.212,0x00000000,2393,22
25,_NoName,1,0,-56.6002,309.891,0x00000000,17,2393
26,_NoName,1,0,-167.062,379.629,0x00000000,308,430,436
28,_NoName,1,0,-268.367,316.321,0x00000000,2394,444
29,_NoName,1,0,-280.02,291.862,0x00000000,2394,397,44
30,_NoName,1,0,-346.194,228.525,0x00000000,54,396
31,_NoName,1,0,-367.528,120.312,0x00000000,51,55,398,48
32,_NoName,1,0,-426.713,15.7086,0x00200000,321,51,417
34,_NoName,1,0,-473.027,-67.4225,0x00000000,2368,42,2140,2395
36,_NoName,1,0,-496.141,-27.978,0x00000000,2368,332
40,_NoName,1,0,-580.181,115.436,0x00000000,45,41,38
43,_NoName,1,0,-443.632,-117.585,0x00000000,420,423,2140
44,_NoName,1,0,-318.39,269.11,0x00200000,2365,445,29
45,_NoName,1,0,-526.562,146.402,0x00000000,40,46
46,_NoName,1,0,-485.071,171.123,0x00000000,49,52,449,453,48,45
49,_NoName,1,0,-456.161,188.396,0x00000000,46,450,449
51,_NoName,1,0,-410.746,44.2881,0x00000000,32,31,52
54,_NoName,1,0,-375.694,235.374,0x00000000,53,2365,30
55,D/3,1,0,-339.516,170.891,0x80000010,31,396
56,_NoName,1,0,-657.712,70.1459,0x00008000,41,57,172,173
57,P3/3,1,0,-699.053,45.6448,0x80008010,56,58
58,_NoName,1,0,-744.199,19.8182,0x00008000,57,59,63,62
59,_NoName,1,0,-764.337,54.1843,0x00008000,58,64
61,_NoName,1,0,289.72,1444.76,0x00040000,241,2160
62,_NoName,1,0,-748.242,-10.3679,0x00000000,125,58
63,_NoName,1,0,-716.341,-27.7219,0x00008000,58,159
65,_NoName,1,0,-897.435,281.418,0x00008000,64,66,73
66,_NoName,1,0,-909.089,301.205,0x00008000,65,67
67,_NoName,1,0,-931.312,339.129,0x00008000,66,74,75,2071
68,_NoName,1,0,-976.078,293.123,0x00000000,69,2071,75
69,_NoName,1,0,-974.836,251.595,0x00000000,70,68,72
70,_NoName,1,0,-975.772,230.826,0x00000000,127,69
72,_NoName,1,0,-965.893,281.136,0x00000000,69,2070
73,_NoName,1,0,-917.637,297.385,0x00000000,2070,65
75,_NoName,1,0,-975.954,415.491,0x00008000,67,76,68
77,_NoName,1,0,-1042.35,528.62,0x00008000,76,78
78,_NoName,1,0,-1065.54,568.184,0x00008000,77,79,80
80,_NoName,1,0,-1085.99,603.088,0x00008000,78,81
81,_NoName,1,0,-1110.34,644.646,0x00008000,80,60
82,_NoName,1,0,-683.843,-94.5704,0x00000000,83,160
83,_NoName,1,0,-715.611,-93.4004,0x00000000,2050,82
84,_NoName,1,0,-520.928,-421.251,0x00000000,85,175,174
85,_NoName,1,0,-520.899,-484.473,0x00000000,87,84
87,_NoName,1,0,-520.207,-522.188,0x00000000,88,89,85
89,_NoName,1,0,-509.458,-495.984,0x00000000,87,2069
90,_NoName,1,0,-459.733,-482.921,0x00000000,2069,92
92,_NoName,1,0,-439.6,-499.98,0x00008000,91,90,175
93,_NoName,1,0,-519.22,-640.739,0x00010000,130,88
94,_NoName,1,0,-1195.33,789.669,0x00008000,60,95
95,_NoName,1,0,-1239.38,864.84,0x00008000,94,96,101
96,_NoName,1,0,-1261.3,888.971,0x00000000,2072,95
97,_NoName,1,0,883.568,-87.6345,0x80008000,191,71
101,_NoName,1,0,-1295.98,961.432,0x00008000,102,95
103,_NoName,1,0,-1346,1046.8,0x00008000,104,102
104,_NoName,1,0,-1368.39,1071.02,0x00000000,105,103
105,_NoName,1,0,-1399.48,1080.48,0x00080000,106,104
108,_NoName,1,0,-1464.02,1048.09,0x00080000,109,107
109,_NoName,1,0,-1498.51,1027.41,0x00000000,110,108
110,_NoName,1,0,-1518.26,1009.93,0x00000000,111,109
111,_NoName,1,0,-1526.31,991.176,0x00000000,112,110
112,_NoName,1,0,-1521.57,954.195,0x00000000,113,111
113,_NoName,1,0,-1510.57,936.02,0x00000000,112,114
115,_NoName,1,0,-1364.63,878.483,0x00080000,116,98
116,_NoName,1,0,-1387.66,827.846,0x00000000,119,115
118,_NoName,1,0,351.9,1481.15,0x00040000,1934,2161
119,_NoName,1,0,-1394.38,780.49,0x00000000,121,116
121,_NoName,1,0,-1382.61,722.126,0x00000000,122,119
122,_NoName,1,0,-1366.38,689.956,0x00000000,123,121
125,_NoName,1,0,-747.444,-94.2183,0x00000000,2051,62
128,_NoName,1,0,-973.234,155.741,0x00010000,129,127
129,_NoName,1,0,-970.911,113.654,0x00010000,131,128
130,_NoName,1,0,-509.93,-707.562,0x00010000,133,93
131,_NoName,1,0,-964.012,67.7984,0x00010000,132,129
132,_NoName,1,0,-955.432,18.3173,0x00010000,134,131
133,_NoName,1,0,-499.601,-756.303,0x00010000,143,130
134,_NoName,1,0,-941.514,-30.5724,0x00010000,135,132
135,_NoName,1,0,-917.334,-76.7351,0x00010000,134
142,_NoName,1,0,-747.154,-162.018,0x00000000,146,2051
143,_NoName,1,0,-476.898,-817.109,0x00010000,144,133
144,_NoName,1,0,-452.58,-869.558,0x00010000,143
147,_NoName,1,0,-405.731,-557.778,0x00008000,91,148
148,_NoName,1,0,-378.978,-603.434,0x00008000,147,149,181
149,P6/2,1,0,-336.803,-577.559,0x80008010,148,150
150,_NoName,1,0,-293.192,-551.908,0x00008000,149,154,180,189
151,_NoName,1,0,783.906,639.26,0x00000000,1552,1535
152,_NoName,1,0,-736.191,-333.952,0x00010000,153,167
153,_NoName,1,0,-721.18,-389.939,0x00010000,156,152
154,_NoName,1,0,-316.786,-511.645,0x00008000,150,155
156,_NoName,1,0,-706.217,-431.306,0x00010000,157,153
157,_NoName,1,0,-685.878,-471.517,0x00010000,156
160,_NoName,1,0,-659.217,-125.203,0x00008000,159,161,82
161,_NoName,1,0,-636.338,-164.247,0x00008000,160,164,165
162,_NoName,1,0,-516.954,-170.059,0x00008000,169,163
164,P4/2,1,0,-593.917,-138.244,0x80008010,161,169
165,_NoName,1,0,-612.852,-204.325,0x00008000,161,166
167,_NoName,1,0,-746.443,-251.926,0x00010000,152,146
168,_NoName,1,0,-454.237,-277.086,0x00008000,163,177
169,_NoName,1,0,-550.415,-112.869,0x00008000,164,42,170,162
170,_NoName,1,0,-579.599,-63.1544,0x00008000,169,171
172,_NoName,1,0,-628.952,21.0676,0x00008000,171,56
174,_NoName,1,0,-522.063,-359.723,0x00008000,166,175,84
175,_NoName,1,0,-507.849,-383.514,0x00008000,174,176,84,92
176,P5/2,1,0,-463.832,-357.554,0x80008010,175,177
177,_NoName,1,0,-421.624,-332.74,0x00008000,168,176,178,179
178,_NoName,1,0,-398.102,-372.879,0x00008000,177,155
181,_NoName,1,0,-353.976,-646.098,0x00008000,148,182
183,_NoName,1,0,-302.936,-733.199,0x00008000,182,184,192
184,_NoName,1,0,-275.171,-780.58,0x00008000,183,185,190,198
185,L/3,1,0,-232.806,-755.061,0x80008010,184,186
186,_NoName,1,0,-189.102,-729.538,0x00008000,185,187,214
187,_NoName,1,0,-211.155,-691.905,0x00008000,186,188
189,_NoName,1,0,-269.671,-592.048,0x00008000,188,150
190,_NoName,1,0,-297.364,-793.442,0x00000000,2068,184
191,_NoName,1,0,940.291,38.5264,0x00008000,1163,97
192,_NoName,1,0,-303.173,-762.085,0x00000000,496,183
193,_NoName,1,0,958.021,-163.981,0x80008000,222,2445
194,_NoName,1,0,-349.145,-795.073,0x00000000,195,496,491,481
195,_NoName,1,0,-385.68,-773.918,0x00000000,200,194
196,_NoName,1,0,-294.372,-825.866,0x00000000,481,199
197,_NoName,1,0,-217.476,-879.395,0x80008000,209,199
198,_NoName,1,0,-258.028,-809.834,0x00008000,184,199
199,_NoName,1,0,-225.263,-866.107,0x00008000,196,197,198
201,_NoName,1,0,-455.727,-733.909,0x00010000,203,200
202,_NoName,1,0,744.186,551.095,0x00000000,1535,1200,1199
203,_NoName,1,0,-503.953,-701.393,0x00010000,204,201
204,_NoName,1,0,-545.369,-665.829,0x00010000,205,203
205,_NoName,1,0,-572.988,-638.55,0x00010000,206,204
206,_NoName,1,0,-590.693,-620.048,0x00010000,207,205
207,_NoName,1,0,-620.393,-583.269,0x00010000,206
209,_NoName,1,0,-212.55,-887.442,0x00008000,197,210
210,_NoName,1,0,-190.089,-925.772,0x00008000,209,211,217
211,P7/2,1,0,-146.175,-900.138,0x80008010,210,212
212,_NoName,1,0,-103.648,-875.366,0x00008000,211,213,216,234
213,_NoName,1,0,-125.077,-838.797,0x00008000,212,215
214,_NoName,1,0,-169.884,-762.334,0x00008000,186,215
217,_NoName,1,0,-167.946,-963.56,0x00008000,210,218
219,_NoName,1,0,-80.9984,-1112.24,0x00008000,218,220,221
220,_NoName,1,0,-70.0716,-1130.58,0x00008000,219,226
221,_NoName,1,0,-75.2759,-1136.87,0x00000000,508,219
223,_NoName,1,0,-129.46,-1177.84,0x00000000,229,2066,513
224,_NoName,1,0,-68.6571,-1212.72,0x00000000,513,225
225,_NoName,1,0,3.2066,-1255.63,0x00008000,224,227,260
226,_NoName,1,0,-41.3588,-1179.58,0x00008000,220,227,228,231
227,_NoName,1,0,-31.8364,-1195.83,0x00008000,225,226
228,_NoName,1,0,-63.3577,-1193.26,0x00000000,226,2067
229,_NoName,1,0,-157.167,-1162.52,0x00000000,230,223
231,V/1,1,0,1.6501,-1154.59,0x80008010,226,233
232,_NoName,1,0,815.297,-481.521,0x00008000,242,222
233,_NoName,1,0,45.1374,-1129.27,0x00008000,231,237,270
234,_NoName,1,0,-81.5698,-913.043,0x00008000,212,235
236,_NoName,1,0,-24.209,-1010.93,0x00008000,235,237,238
237,_NoName,1,0,20.888,-1087.89,0x00008000,233,236
238,_NoName,1,0,-1.46706,-1029.41,0x00008000,236,239
239,_NoName,1,0,23.0491,-1033.29,0x00008000,238,240
240,_NoName,1,0,64.123,-1034.03,0x80008000,239,1011
241,_NoName,1,0,309.117,1412.02,0x00200000,1561,1935,61
242,_NoName,1,0,728.464,-672.892,0x00008000,1039,232
244,_NoName,1,0,50.2369,-960.375,0x80000000,243,2127,598
245,_NoName,1,0,115.153,-1071.62,0x00008000,2086,246,1011
246,_NoName,1,0,124.979,-1087.33,0x00008000,245,287
250,_NoName,1,0,141.455,-1024.16,0x00008000,2086,251,2065
252,_NoName,1,0,-222.761,-1125.74,0x00010000,254,230
253,_NoName,1,0,846.622,712.71,0x00240000,265,377,2117
254,_NoName,1,0,-276.34,-1092.15,0x00010000,255,252
255,_NoName,1,0,-318.155,-1056.04,0x00010000,256,254
256,_NoName,1,0,-352.78,-1022.69,0x00010000,257,255
257,_NoName,1,0,-374.605,-995.514,0x00010000,258,256
258,_NoName,1,0,-405.082,-950.615,0x00010000,257
261,_NoName,1,0,25.6549,-1293.94,0x00008000,260,263
263,_NoName,1,0,60.264,-1353,0x00008000,261,289,266
265,_NoName,1,0,876.13,663.232,0x00000000,262,253
266,_NoName,1,0,97.0336,-1331.29,0x80008000,263,273
270,_NoName,1,0,54.7268,-1145.63,0x00008000,233,271
272,_NoName,1,0,93.9565,-1212.99,0x00008000,271,19,277
275,_NoName,1,0,812.627,703.819,0x00000000,377,1552,2116
277,_NoName,1,0,113.125,-1230.35,0x00008000,272,278,279
278,_NoName,1,0,143.168,-1221.21,0x00008000,277,281
279,_NoName,1,0,142.633,-1246.68,0x00008000,277,19,281,283
282,_NoName,1,0,909.932,756.057,0x00000000,249,295
283,_NoName,1,0,193.215,-1275.17,0x00008000,279,2078,329
287,_NoName,1,0,138.75,-1110.4,0x80008000,246,288
288,_NoName,1,0,155.207,-1138.82,0x00008000,287,291
289,_NoName,1,0,89.9334,-1403.63,0x00008000,263,290,2079
291,_NoName,1,0,175.767,-1173.86,0x00008000,281,288,326,623
292,_NoName,1,0,930.3,871.161,0x00240000,1877,2177,2113
293,_NoName,1,0,173.108,-1545.81,0x00008000,2083,518
294,_NoName,1,0,851.583,790.041,0x00000000,2118,1874,2114
295,_NoName,1,0,885.226,797.022,0x00240000,1875,282,2115
296,_NoName,1,0,221.025,-1522.58,0x00008000,2084,298
299,_NoName,1,0,564.422,-295.27,0x00000000,1020,1157
300,_NoName,1,0,212.335,-1612.5,0x00008000,518,303,2080
301,_NoName,1,0,-108.828,336.313,0x00040000,22,20
302,_NoName,1,0,589.691,-239.775,0x00200000,304,1020,2234
303,_NoName,1,0,229.447,-1642.13,0x00008000,300,306,320
304,_NoName,1,0,599.626,-217.648,0x00000000,302,1036
305,_NoName,1,0,625.639,-159.392,0x00200000,1036,307,2232
306,_NoName,1,0,174.969,-1610.33,0x00000000,303,501
307,_NoName,1,0,636.201,-136.305,0x00000000,305,399
308,_NoName,1,0,-146.246,383.889,0x00000000,26,23
310,_NoName,1,0,-205.679,53.6743,0x00200000,405,411
311,_NoName,1,0,-304.15,103.557,0x00200000,415,398,401
312,_NoName,1,0,121.382,-1580.4,0x00000000,501,524
313,_NoName,1,0,76.2297,-1554.51,0x00000000,309,524
314,_NoName,1,0,-26.7156,-1495.35,0x00010000,316,315
315,_NoName,1,0,-70.1364,-1462.8,0x00010000,314,317
316,_NoName,1,0,6.64431,-1516.09,0x00010000,309,314
317,_NoName,1,0,-116.449,-1421.17,0x00010000,315,318
318,_NoName,1,0,-163.322,-1363.34,0x00010000,317
321,_NoName,1,0,-434.502,1.93921,0x00000000,324,32,2395
322,_NoName,1,0,297.878,-1758.49,0x00008000,320,323,325
324,_NoName,1,0,-459.512,-15.8436,0x00000000,327,321
325,_NoName,1,0,346.211,-1840.97,0x00008000,322,345
327,_NoName,1,0,-494.329,-14.2424,0x00000000,332,324
328,_NoName,1,0,255.285,-1309.4,0x80008000,329,2098,326,336
330,_NoName,1,0,318.48,-1314.79,0x00008000,2098,334
331,_NoName,1,0,539.146,-2377.85,0x00080000,374,376
332,_NoName,1,0,-514.392,3.1671,0x00000000,38,36,327
333,_NoName,1,0,175.244,1672.57,0x00000000,2399,1600,1597
334,_NoName,1,0,344.236,-1285.82,0x00008000,330,336,635
335,_NoName,1,0,183.978,1714.83,0x00240000,1586,1590,2398
336,_NoName,1,0,299.305,-1385.53,0x00008000,334,328,340,344
339,_NoName,1,0,141.323,1519.05,0x00000000,1998,2009
340,_NoName,1,0,262.756,-1467.4,0x00008000,336,298,2128
341,_NoName,1,0,300.359,-1440.62,0x00000000,2128,457
342,_NoName,1,0,426.874,1481.04,0x00200000,1930,1933,1936
344,_NoName,1,0,315.763,-1412.71,0x00000000,462,336
345,_NoName,1,0,395.608,-1925.27,0x00008000,325,346
347,_NoName,1,0,474.247,-2059.47,0x00008000,346,348
348,_NoName,1,0,530.549,-2155.55,0x00008000,347,2136,360,361
351,_NoName,1,0,449.417,-2202.12,0x00080000,350,352
352,_NoName,1,0,421.688,-2206.5,0x00000000,351,353
353,_NoName,1,0,392.894,-2202.55,0x00000000,352,354
354,_NoName,1,0,365.034,-2192.01,0x00000000,353,355
355,_NoName,1,0,336.799,-2177.3,0x00000000,354,356
356,_NoName,1,0,310.228,-2156.4,0x00000000,355,357
357,_NoName,1,0,289.616,-2132.94,0x00000000,356,358
358,_NoName,1,0,275.351,-2112.25,0x00000000,357,359
362,_NoName,1,0,599.874,-2273.42,0x00008000,361,365,2089,2091
363,_NoName,1,0,597,-2343.74,0x00080000,364,18,2137
364,_NoName,1,0,603.873,-2333.39,0x00000000,363,2089,365
365,_NoName,1,0,623.301,-2313.83,0x00008000,362,364,369,371
366,_NoName,1,0,201.404,1978.43,0x00008000,1583,1472
367,_NoName,1,0,235.774,2278.05,0x00008000,1479,1337
368,_NoName,1,0,84.7547,1625.68,0x00240000,1617,1614,2146
369,_NoName,1,0,657.188,-2371.66,0x00008000,2087,365,820
373,_NoName,1,0,1194.79,660.939,0x00008000,2432,2045
375,_NoName,1,0,1124.13,781.518,0x00008000,2432,2438,2430
376,_NoName,1,0,499.241,-2399.94,0x00000000,331,2138
377,_NoName,1,0,829.364,741.444,0x00000000,1878,275,253
378,_NoName,1,0,459.654,-2403.32,0x00000000,2138,2139
379,_NoName,1,0,676.889,605.249,0x00000000,1818,1832
380,_NoName,1,0,435.139,-2384.93,0x00000000,2139,381
381,_NoName,1,0,422.405,-2363.2,0x00000000,380,382
390,_NoName,1,0,804.224,466.483,0x00000000,1840,391,400
391,_NoName,1,0,814.644,489.713,0x00000000,390,394
392,_NoName,1,0,-217.466,306.592,0x00040000,2265,393
393,_NoName,1,0,-241.699,336.061,0x00200000,444,2366,392
394,_NoName,1,0,823.144,514.511,0x00000000,391
395,_NoName,1,0,-278.814,213.741,0x00040000,2264,396
396,_NoName,1,0,-314.98,221.39,0x00200000,397,55,395,30
397,_NoName,1,0,-299.072,253.838,0x00000000,29,396
398,_NoName,1,0,-326.912,109.67,0x00000000,311,31
399,_NoName,1,0,652.519,-100.077,0x00000000,307,2021
400,_NoName,1,0,796.659,451.174,0x00000000,390,1536,408,1846
401,_NoName,1,0,-283.322,97.8124,0x00200000,311,2455,404
402,_NoName,1,0,-249.266,120.261,0x00040000,2455,403
403,_NoName,1,0,-211.021,135.988,0x00000000,402,6
404,_NoName,1,0,-273.296,92.342,0x00000000,401,2456
405,_NoName,1,0,-239.433,72.8811,0x00000000,2456,410,310
406,_NoName,1,0,671.351,-58.2055,0x00000000,597,1070
407,_NoName,1,0,-165.643,76.5158,0x00040000,410,2263
408,_NoName,1,0,783.733,422.882,0x00000000,1840,1841,400,1542
410,_NoName,1,0,-177.671,55.1367,0x00200000,405,407
411,_NoName,1,0,-209.94,31.9991,0x00040000,2262,310
412,_NoName,1,0,830.896,341.672,0x00000000,1541,2039,1658
414,_NoName,1,0,-299.581,19.0679,0x00000000,415,413
415,_NoName,1,0,-310.218,70.4227,0x00040000,311,414
417,_NoName,1,0,-397.794,-3.8586,0x00040000,32,2261
420,_NoName,1,0,-423.512,-104.443,0x00240000,43,422,2140
422,_NoName,1,0,-391.646,-104.069,0x00040000,420,2260
424,_NoName,1,0,-391.69,-206.224,0x00200000,2242,423,2369
429,_NoName,1,0,-108.128,414.112,0x00200000,432,430,1009
430,_NoName,1,0,-140.192,395.375,0x00000000,429,26
432,_NoName,1,0,-127.081,446.455,0x00040000,429,2267
436,_NoName,1,0,-181.486,371.243,0x00200000,26,2366,437
437,_NoName,1,0,-199.017,401.16,0x00040000,2268,436
438,_NoName,1,0,571.94,-47.9643,0x00000000,1747,1023
440,_NoName,1,0,450.601,-317.887,0x00000000,1147,2377
444,_NoName,1,0,-260.527,324.759,0x00200000,393,28,2269
445,_NoName,1,0,-343.674,311.797,0x00040000,44,2271
449,_NoName,1,0,-478.047,201.136,0x00240000,452,46,49,453
450,_NoName,1,0,-430.449,203.399,0x00000000,53,49
452,_NoName,1,0,-467.145,244.909,0x00040000,449,2272
453,_NoName,1,0,-498.65,194.296,0x00000000,46,454,449
454,_NoName,1,0,-516.982,225.12,0x00000000,453,2396
455,_NoName,1,0,-574.453,323.655,0x00200000,2396,2283,463
457,_NoName,1,0,326.382,-1441.86,0x00000000,341,343
459,_NoName,1,0,-617.485,397.089,0x00200000,463,2281,468
462,_NoName,1,0,329.026,-1435.56,0x00000000,344,343
463,_NoName,1,0,-594.454,357.786,0x00000000,455,459
464,_NoName,1,0,-660.343,470.227,0x00200000,468,2279,473
467,_NoName,1,0,591.954,-2062.07,0x00000000,786,791
470,_NoName,1,0,-703.158,543.291,0x00200000,473,2277,478
473,_NoName,1,0,-678.958,501.994,0x00000000,464,470
475,_NoName,1,0,-751.255,625.368,0x00200000,478,2275,483
478,_NoName,1,0,-725.67,581.707,0x00000000,470,475
479,_NoName,1,0,-806.726,720.026,0x00200000,484,487,483,2273
481,_NoName,1,0,-331.681,-804.533,0x00000000,196,194
483,_NoName,1,0,-777.317,669.842,0x00000000,475,479
484,_NoName,1,0,-849.948,694.858,0x00000000,479,492
485,_NoName,1,0,-937.544,643.509,0x00000000,492,486
486,_NoName,1,0,-979.252,618.855,0x00000000,485,79,523
487,_NoName,1,0,-828.754,757.621,0x00000000,479,490
489,_NoName,1,0,-807.906,820.824,0x00040000,490,2285
490,_NoName,1,0,-834.224,793.011,0x00000000,489,487
491,_NoName,1,0,-329.397,-799.966,0x00000000,2068,194
492,_NoName,1,0,-896.413,667.565,0x80000000,484,485
494,_NoName,1,0,-729.922,193.373,0x00200000,503,497,2296
496,_NoName,1,0,-328.314,-783.199,0x00000000,194,192
497,_NoName,1,0,-704.46,149.921,0x00000000,173,494
498,_NoName,1,0,-850.548,386.834,0x00000000,74,511,510
500,_NoName,1,0,-764.902,253.066,0x00200000,506,503,2294
501,_NoName,1,0,147.215,-1595.19,0x00000000,312,306,2081
503,_NoName,1,0,-748.624,225.288,0x00000000,494,500
504,_NoName,1,0,-803.864,319.555,0x00200000,2292,516,506
508,_NoName,1,0,-84.3333,-1158.81,0x00000000,221,2066
510,_NoName,1,0,-842.22,385.01,0x00200000,498,516,511,2290
511,_NoName,1,0,-848.75,396.153,0x00000000,510,498,517
513,_NoName,1,0,-104.078,-1192.25,0x00000000,224,223,2067
514,_NoName,1,0,-882.193,453.224,0x00200000,2288,522,517
516,_NoName,1,0,-823.489,353.046,0x00000000,504,510
517,_NoName,1,0,-863.981,422.145,0x00000000,511,514
518,_NoName,1,0,197.029,-1586.39,0x00008000,300,293,2081,2080
520,_NoName,1,0,-927.173,529.98,0x00200000,2286,522,523
523,_NoName,1,0,-954.179,576.068,0x00000000,520,486
524,_NoName,1,0,101.638,-1569.14,0x00000000,530,313,312
526,_NoName,1,0,-996.073,647.052,0x00000000,527
527,_NoName,1,0,-1019.2,687.099,0x00000000,526,531
530,_NoName,1,0,123.742,-1564.99,0x00000000,524,2085
531,_NoName,1,0,-1035.87,715.476,0x00200000,527,535,2300
534,_NoName,1,0,432.393,-1184.29,0x00000000,638,641
535,_NoName,1,0,-1058.12,753.446,0x00000000,531,539
537,_NoName,1,0,998.373,1383.86,0x00008000,541,1531,1626
539,_NoName,1,0,-1081.2,792.824,0x00200000,535,2298,543
543,_NoName,1,0,-1097.6,820.696,0x00000000,539
545,_NoName,1,0,1043.9,1306.24,0x00000000,541,550
548,_NoName,1,0,-344.148,-287.355,0x00200000,179,2369,2244,2370
550,_NoName,1,0,1055.61,1286.25,0x00200000,545,552,798
552,_NoName,1,0,1066.23,1268.14,0x00000000,550,1090
553,_NoName,1,0,-297.48,-366.994,0x00200000,2246,2370,2371
555,_NoName,1,0,1087.99,1231.01,0x00000000,1090,556
556,_NoName,1,0,1099.9,1210.68,0x00200000,555,891,2401
558,_NoName,1,0,-259.73,-431.415,0x00200000,2371,2248,2372
560,_NoName,1,0,1112.71,1188.63,0x00000000,891,562
562,_NoName,1,0,1131.98,1155.94,0x00000000,560,566
563,_NoName,1,0,-221.59,-496.501,0x00200000,2250,565,2372
565,_NoName,1,0,-215.573,-506.769,0x00000000,563,180,2373
566,_NoName,1,0,1143.71,1135.93,0x00200000,562,568,2403
568,_NoName,1,0,1154.21,1118,0x00000000,566,571
569,_NoName,1,0,-184.186,-560.33,0x00200000,2373,2252,2374
571,_NoName,1,0,1176.06,1080.71,0x00000000,568,573
573,_NoName,1,0,1187.88,1060.54,0x00200000,892,571,2405
575,_NoName,1,0,-135.83,-642.851,0x00200000,2374,2254,2375
576,_NoName,1,0,1201.41,1037.37,0x00000000,578,892
578,_NoName,1,0,1216.67,1011.38,0x00000000,581,576
580,_NoName,1,0,-95.4388,-711.778,0x00200000,2376,2256,2375
581,_NoName,1,0,1231.59,985.944,0x00200000,578,583,2407
583,_NoName,1,0,1249.42,955.52,0x00000000,581,586
584,_NoName,1,0,-56.9959,-777.381,0x00200000,2258,2376,590
586,_NoName,1,0,1265.9,927.406,0x00000000,583,587
587,_NoName,1,0,1284.03,896.466,0x00200000,586,602,2409
589,_NoName,1,0,-25.9129,-830.425,0x00000000,216,590,12
590,_NoName,1,0,-44.3552,-798.953,0x00000000,589,584
591,_NoName,1,0,24.6577,-916.724,0x00000000,2127,593,600
592,_NoName,1,0,130.905,-424.979,0x00200000,1087,1097,1096
593,_NoName,1,0,45.339,-923.762,0x00200000,591,594,1092,2127
594,_NoName,1,0,57.1165,-928.563,0x00000000,593,2126
595,_NoName,1,0,104.787,-929.046,0x00000000,2126,598,596
597,_NoName,1,0,661.126,-80.6752,0x00200000,2021,406,2230
598,_NoName,1,0,76.249,-945.905,0x00000000,595,244
601,_NoName,1,0,67.6521,-824.986,0x00000000,1092,599
602,_NoName,1,0,1293.14,880.838,0x00000000,587,609,902
603,_NoName,1,0,161.614,-896.317,0x80000000,596,604
604,_NoName,1,0,196.46,-875.45,0x00000000,603,2122,2123,2121
605,_NoName,1,0,266.044,-875.588,0x00000000,427,619
606,_NoName,1,0,865.872,374.76,0x00200000,2038,1725,2419
607,_NoName,1,0,232.225,-862.504,0x00000000,2122,427
608,_NoName,1,0,214.495,-843.917,0x00000000,2123,613
609,_NoName,1,0,1305.64,859.582,0x00000000,602,610
610,_NoName,1,0,1328.21,821.075,0x00200000,609,614,2411
613,_NoName,1,0,229.737,-809.861,0x00000000,615,608,1008,2124
614,_NoName,1,0,1350.15,783.498,0x00000000,621,610
615,_NoName,1,0,243.101,-836.764,0x00000000,427,613
618,_NoName,1,0,173.889,-823.553,0x00240000,2238,2121,2125
619,_NoName,1,0,275.339,-891.149,0x80000000,605,620,2077
620,_NoName,1,0,299.595,-931.26,0x00008000,619,2076,627
621,_NoName,1,0,1372.1,746.162,0x00200000,614,625,2413
622,_NoName,1,0,262.998,-952.759,0x00008000,2076,251
623,_NoName,1,0,211.929,-1094.98,0x00008000,291,624
625,_NoName,1,0,1394.8,707.305,0x00000000,636,621
626,_NoName,1,0,335.682,-910.48,0x00008000,669
627,_NoName,1,0,321.929,-971.191,0x00008000,620,630
628,_NoName,1,0,414.684,-1128.78,0x00008000,645,643,637
629,_NoName,1,0,356.368,-1029.39,0x00008000,630,645
633,_NoName,1,0,424.018,-1060.81,0x00008000,2057,634
634,_NoName,1,0,458.678,-1032.29,0x00008000,633,660,644
636,_NoName,1,0,1415.55,672.029,0x00200000,639,625,2415
637,_NoName,1,0,380.546,-1205.32,0x00008000,635,638,628
638,_NoName,1,0,403.716,-1189.19,0x00000000,637,534
639,_NoName,1,0,1438.33,633.009,0x00000000,646,636
640,_NoName,1,0,1314.34,1569.62,0x00008000,2101,2390
643,_NoName,1,0,444.007,-1178.78,0x00000000,641,628
644,_NoName,1,0,431.995,-1091.31,0x00008000,634
645,_NoName,1,0,392.374,-1089.69,0x00008000,628,629
646,_NoName,1,0,1459.53,596.969,0x00200000,639,648,2417
647,_NoName,1,0,372.631,-1510.17,0x00000000,2424,653,2052
648,_NoName,1,0,1470.78,577.763,0x00000000,646
650,_NoName,1,0,388.487,-1673.53,0x00000000,763,651
651,_NoName,1,0,416.839,-1610.48,0x00000000,650,653,656
653,_NoName,1,0,408.671,-1571.18,0x00000000,647,651
654,_NoName,1,0,436.365,-1530.85,0x00000000,656,2053
656,_NoName,1,0,460.521,-1512.48,0x00000000,654,651,702
657,_NoName,1,0,500.753,-1423.12,0x00000000,702,658,680
658,_NoName,1,0,519.392,-1381.99,0x00200000,657,699,694
659,_NoName,1,0,538.143,-1339.75,0x00000000,673,679,678,699
661,_NoName,1,0,516.207,-917.276,0x00008000,660,663
663,_NoName,1,0,565.158,-889.386,0x00008000,661,664
664,_NoName,1,0,608.24,-864.11,0x00008000,663,665,710,2055
666,_NoName,1,0,574.799,-806.721,0x80008000,665,667
667,_NoName,1,0,558.908,-779.602,0x00008000,666,668,1012,1013
668,_NoName,1,0,522.514,-800.088,0x00008000,667,670
669,_NoName,1,0,379.349,-884.596,0x00008000,626,670
671,_NoName,1,0,490.036,-1257.13,0x00000000,672,673,674
672,TS,1,1,472.966,-1227.4,0x80000011,641,671
673,_NoName,1,0,515.297,-1300.19,0x00000000,659,671
674,_NoName,1,0,512.212,-1278.23,0x00000000,671,2054
676,_NoName,1,0,575.426,-1257.38,0x00000000,677,703,678
677,_NoName,1,0,552.021,-1276.74,0x00000000,2054,676
678,_NoName,1,0,553.311,-1306.76,0x00000000,659,676
679,_NoName,1,0,553.769,-1366.26,0x00000000,659,687
680,_NoName,1,0,518.221,-1404.22,0x00000000,657,681
681,_NoName,1,0,538.382,-1396.28,0x00000000,680,682
682,_NoName,1,0,557.458,-1396.39,0x00000000,681,683
683,_NoName,1,0,579,-1409.32,0x00000000,682,684,687
684,_NoName,1,0,586.662,-1422.39,0x00000000,683,864
687,_NoName,1,0,568.452,-1391.31,0x00000000,683,679
694,_NoName,1,0,483.669,-1365.87,0x00040000,2311,658
699,_NoName,1,0,533.426,-1351.63,0x00000000,659,658
703,_NoName,1,0,580.281,-1245.84,0x00000000,676,707
707,_NoName,1,0,586.503,-1232.8,0x00000000,703,708
708,_NoName,1,0,596.398,-1210.58,0x00000000,707,731
2473,_NoName,1,0,596.398,-1210.58,0x00200000,676
710,_NoName,1,0,619.952,-883.866,0x00000000,664
711,_NoName,1,0,657.533,-947.52,0x00200000,742,979,977,988
712,_NoName,1,0,678.815,-984.855,0x00000000,713,715,979
713,_NoName,1,0,683.557,-1007.98,0x00000000,712,714
714,_NoName,1,0,678.33,-1027.99,0x00000000,713,715
715,_NoName,1,0,699.181,-1015.29,0x00200000,714,712,717,2303
716,_NoName,1,0,737.383,-1080.48,0x00200000,718,932,2305
717,_NoName,1,0,717.877,-1047.19,0x00000000,715,718
2472,_NoName,1,0,717.877,-1047.19,0x00000000,932
718,_NoName,1,0,729.047,-1066.26,0x00000000,716,717,719
719,_NoName,1,0,708.518,-1054.86,0x00000000,718,720
720,_NoName,1,0,690.701,-1054.44,0x00000000,719
723,_NoName,1,0,655.661,-1078.59,0x00000000,748,743
736,_NoName,1,0,618.627,-1162,0x00200000,745,731,738
738,_NoName,1,0,588.129,-1149.55,0x00040000,736,739
739,_NoName,1,0,546.553,-1130.58,0x00000000,737,738
741,_NoName,1,0,588.12,-987.048,0x00000000,742,740
742,_NoName,1,0,624.82,-965.688,0x00040000,711,741
743,_NoName,1,0,649.42,-1093.02,0x00200000,723,747,745
745,_NoName,1,0,633.767,-1128.5,0x80000000,743,736
746,_NoName,1,0,579.839,-1063.62,0x00000000,744,747
747,_NoName,1,0,616.156,-1080.37,0x00040000,746,743
748,_NoName,1,0,658.589,-1071.79,0x00000000,723,2472
763,_NoName,1,0,382.821,-1705.18,0x00000000,650,765,323
765,_NoName,1,0,398.824,-1732.49,0x00000000,763,766
766,_NoName,1,0,405.198,-1743.37,0x00200000,765,768,2364
768,_NoName,1,0,435.468,-1725.63,0x00040000,766,2330
770,_NoName,1,0,446.044,-1813.07,0x00200000,2331,2364,779
775,_NoName,1,0,487.604,-1883.99,0x00200000,2363,2333,779
779,_NoName,1,0,468.054,-1850.63,0x80000000,775,770
780,_NoName,1,0,525.991,-1949.5,0x00200000,2362,2335,2363
786,_NoName,1,0,564.405,-2015.06,0x00200000,2337,467,2362
791,_NoName,1,0,617.006,-2104.82,0x00000000,471,360,467,801
794,_NoName,1,0,667.043,-2190.21,0x00200000,471,2361,2339
797,_NoName,1,0,704.347,-2253.87,0x00000000,371,803,2361
798,_NoName,1,0,1086.83,1304.54,0x00040000,2400,550
801,_NoName,1,0,657.305,-2081.5,0x00000000,791,802
803,_NoName,1,0,708.852,-2261.56,0x00200000,797,2341,809
807,_NoName,1,0,750.661,-2332.9,0x00200000,2343,2360,809
818,_NoName,1,0,703.54,-2429.19,0x00000000,820,2088
824,_NoName,1,0,793.413,-2405.86,0x00000000,826,816,2360
826,_NoName,1,0,828.094,-2400.12,0x00000000,824,827
827,_NoName,1,0,870.545,-2385.28,0x00200000,826,2349,835
835,M/6,1,1,905.76,-2364.65,0x80000011,827,836
836,_NoName,1,0,941.887,-2343.48,0x00200000,835,2347,2359
840,_NoName,1,0,1012.21,-2302.27,0x00200000,845,2359,2345
845,_NoName,1,0,1038.43,-2286.91,0x00000000,840,846
846,_NoName,1,0,1062.13,-2255.03,0x00000000,845,848
848,_NoName,1,0,1052.37,-2217.13,0x00000000,846,2358
849,_NoName,1,0,844.336,-1971.69,0x00000000,802,850
850,_NoName,1,0,891.881,-1943.25,0x00000000,849,2356,2355
853,_NoName,1,0,651.263,-1532.63,0x00000000,866,2422,854
854,_NoName,1,0,698.38,-1504.54,0x00000000,853,914
855,_NoName,1,0,626.597,-1490.54,0x00000000,866,860
860,_NoName,1,0,612.601,-1466.66,0x00200000,855,864,863
863,_NoName,1,0,590.913,-1479.21,0x00040000,860,2312
864,_NoName,1,0,597.219,-1440.41,0x80000000,860,684
866,_NoName,1,0,640.86,-1514.88,0x00200000,853,855,867
867,_NoName,1,0,610.013,-1532.96,0x00040000,866,2313
870,_NoName,1,0,680.857,-1583.14,0x00200000,2314,2351,2352
875,_NoName,1,0,719.853,-1649.68,0x00200000,2316,881,2352
880,_NoName,1,0,760.043,-1718.27,0x00200000,2318,2353,881
881,_NoName,1,0,741.284,-1686.25,0x80000000,880,875
884,_NoName,1,0,799.763,-1786.05,0x00200000,2353,2320,2354
888,_NoName,1,0,839.301,-1853.52,0x00200000,2322,2354,2355
891,_NoName,1,0,1108.03,1196.8,0x00000000,556,560,889
892,_NoName,1,0,1191.8,1053.85,0x00000000,573,576,897
894,_NoName,1,0,941.883,-2028.58,0x00200000,2356,900,2324
898,_NoName,1,0,983.471,-2099.55,0x00200000,2326,2357,900
904,_NoName,1,0,1025.3,-2170.93,0x00200000,2328,2358,2357
921,_NoName,1,0,880.314,-1397.38,0x00000000,914,996
925,_NoName,1,0,887.721,-1337.03,0x00000000,966,996
932,_NoName,1,0,756.813,-1113.64,0x00000000,716,937,2473
937,_NoName,1,0,774.998,-1144.67,0x00200000,932,2307,952
945,_NoName,1,0,813.58,-1210.51,0x00200000,2474
952,_NoName,1,0,795.96,-1180.44,0x00000000,937,945
961,_NoName,1,0,831.103,-1240.26,0x00000000,945
966,_NoName,1,0,865.809,-1299.63,0x00200000,2450,925,2449
977,_NoName,1,0,692.343,-927.331,0x00040000,711,2302
979,_NoName,1,0,666.975,-964.236,0x00000000,712,711
988,_NoName,1,0,646.168,-928.956,0x00000000,711,709
996,_NoName,1,0,912.312,-1379,0x00000000,921,925
997,_NoName,1,0,254.759,-754.557,0x00000000,999,1008
999,_NoName,1,0,264.023,-732.473,0x00200000,997,1010,1002,1006
1001,_NoName,1,0,308.754,-633.977,0x00000000,1046,1059
1002,_NoName,1,0,273.023,-713.798,0x00000000,999,1045
1006,_NoName,1,0,230.247,-716.406,0x00040000,999,2239
1008,_NoName,1,0,236.172,-795.651,0x00000000,997,613
1009,_NoName,1,0,-81.153,368.079,0x00000000,429
1010,_NoName,1,0,298.537,-749.752,0x00040000,999,2241
1011,_NoName,1,0,93.045,-1033.27,0x00008000,243,2065,245,240
1013,_NoName,1,0,572.087,-770.808,0x00008000,667,1014
1014,_NoName,1,0,588.504,-741.807,0x00008000,1013,1027,2060,2062
1015,_NoName,1,0,623.093,-737.167,0x00008000,2060,1016
1017,_NoName,1,0,579.617,-626.639,0x00000000,1032,2056,1031
1018,_NoName,1,0,656.954,-831.065,0x80008000,2055,1022
1019,_NoName,1,0,668.708,-778.973,0x00008000,1022,1016
1020,_NoName,1,0,580.628,-259.156,0x00000000,302,299
1022,_NoName,1,0,669.14,-805.61,0x00008000,1018,1040,1019
1025,_NoName,1,0,628.599,-710.813,0x00008000,1016,1026
1026,_NoName,1,0,613.793,-685.547,0x00008000,1025,1027,1033,1032
1027,_NoName,1,0,599.489,-716.571,0x00008000,1026,1014
1028,_NoName,1,0,-88.4775,3048.67,0x00008000,1501,1430
1032,_NoName,1,0,598.447,-659.36,0x00000000,1026,1017
1033,_NoName,1,0,631.36,-647.221,0x00008000,1026,1034
1034,_NoName,1,0,649.377,-606.284,0x00008000,1033,1037,1799
1036,_NoName,1,0,617.411,-177.751,0x00000000,304,305
1037,_NoName,1,0,630.168,-624.062,0x00000000,1034,2056
1038,_GPHL,1,0,845.254,2316.2,0x00028000,1800,1495
1039,_NoName,1,0,712.091,-710.419,0x00008000,1040,242,2058
1040,_NoName,1,0,691.635,-754.567,0x00008000,1039,1022
1043,_NoName,1,0,291.108,-673.699,0x00000000,1046,1045
1046,_NoName,1,0,299.734,-653.995,0x00200000,1001,1043,1051
1051,_NoName,1,0,334.728,-670.076,0x00040000,1046,2240
1055,_NoName,1,0,331.297,-582.844,0x00000000,1059,1063,1056
1056,_NoName,1,0,283.537,-592.151,0x00240000,1059,1061,1055
1059,_NoName,1,0,321.31,-606.771,0x00000000,1056,1055,1001
1061,_NoName,1,0,254.658,-597.612,0x00040000,2218,1056
1062,_NoName,1,0,350.936,-539.156,0x00000000,1063,1072,1127
1063,_NoName,1,0,342.847,-558.198,0x00000000,1062,1055
2471,_NoName,1,0,342.847,-558.198,0x00000000,1008
1064,_NoName,1,0,688.846,212.722,0x00000000,1744,1745,632
1066,_NoName,1,0,442.446,-579.423,0x00000000,1065,1067,1068
1067,_NoName,1,0,462.564,-615.63,0x00000000,1066,1069
1068,_NoName,1,0,457.256,-546.508,0x00000000,1066,1122,2063
1070,_NoName,1,0,686.565,-24.2318,0x00000000,1071,406
1071,_NoName,1,0,695.05,-6.45622,0x00200000,1070,1089,2228
1072,_NoName,1,0,324.186,-525.896,0x00000000,1062,1075
1073,_NoName,1,0,250.534,-493.144,0x00000000,1078,1075,1080
1075,_NoName,1,0,292.346,-512.294,0x00000000,1072,1073
1076,_NoName,1,0,210.505,-516.178,0x00040000,1080,2217
1077,_NoName,1,0,95.6986,1922.62,0x00000000,2131,1564
1078,_NoName,1,0,230.828,-484.685,0x00200000,1073,1081,1086,1080
1080,_NoName,1,0,235.484,-501.841,0x00000000,1073,1076,1078
1081,_NoName,1,0,191.75,-467.107,0x00000000,1078,1082
1082,_NoName,1,0,165.907,-454.869,0x00000000,1081,1087,1091
1085,_NoName,1,0,-760.588,4005.02,0x00000000,2031,1397
1086,_NoName,1,0,238.678,-456.008,0x00040000,2209,1078
1087,_NoName,1,0,143.621,-443.803,0x00000000,1082,592,1091
1088,_NoName,1,0,58.4796,-301.616,0x00200000,2446,1113
1089,_NoName,1,0,706.007,18.784,0x00000000,1071,1105
1090,_NoName,1,0,1076.83,1250.05,0x00000000,552,555
1091,_NoName,1,0,137.685,-472.025,0x00240000,1082,2216,1087
1092,_NoName,1,0,59.3041,-863.602,0x00040000,601,593
1096,_NoName,1,0,158.514,-402.808,0x00040000,2210,592
1097,_NoName,1,0,114.722,-397.594,0x00200000,592,1107,2214
1101,_NoName,1,0,87.3096,-350.813,0x00200000,1108,1107,1103
1103,_NoName,1,0,100.861,-342.872,0x00040000,2451,1101
1105,_NoName,1,0,720.967,52.1131,0x00000000,1089,1106
1106,_NoName,1,0,729.889,71.6916,0x00200000,1105,1650,1698
1107,_NoName,1,0,100.833,-373.892,0x00000000,1097,1101
1108,_NoName,1,0,77.2323,-333.615,0x00200000,1101,2446,1110
1110,_NoName,1,0,62.7658,-342.093,0x00040000,2452,1108
1113,_NoName,1,0,17.2671,-301.679,0x00040000,2212,1088
1115,_NoName,1,0,509.173,-507.26,0x00000000,2097,1118,2096
1118,_NoName,1,0,529.941,-542.452,0x00000000,1115,1119,2064
1120,_NoName,1,0,483.568,-489.213,0x00000000,2097,1131,1121,1122
1122,_NoName,1,0,472.939,-513.595,0x00000000,1120,1068
1124,_NoName,1,0,393.017,-446.48,0x00000000,1140,1133,1135
1127,_NoName,1,0,360.633,-517.782,0x00000000,1062,1133
1130,_NoName,1,0,380.356,-552.076,0x00000000,1065,2471
1131,_NoName,1,0,498.721,-455.239,0x00000000,1120,1132,2096
1132,_NoName,1,0,511.539,-426.913,0x80000000,1131,1144
1133,_NoName,1,0,373.667,-488.939,0x00000000,1124,1127,1135
1135,_NoName,1,0,360.691,-460.151,0x00240000,1124,1133,1136
1136,_NoName,1,0,341.85,-428.715,0x00040000,2208,1135
1140,_NoName,1,0,398.793,-432.916,0x00000000,1124,1149
1144,_NoName,1,0,523.693,-398.305,0x00000000,1132,1145
1145,_NoName,1,0,536.247,-358.023,0x00000000,1144,1153,1148
1147,_NoName,1,0,463.999,-287.872,0x00200000,440,2378,2205
1148,_NoName,1,0,507.749,-344.139,0x00000000,1146,1145
1150,_NoName,1,0,433.456,-356.488,0x00200000,2377,1161,2207
1153,_NoName,1,0,545.5,-336.485,0x00000000,1145,1157
1157,_NoName,1,0,554.248,-318.116,0x00200000,1153,299,2236
1161,_NoName,1,0,420.569,-385.145,0x00000000,1149,1150
1163,_NoName,1,0,962.331,87.5403,0x00008000,191,1164,2443
1164,_NoName,1,0,1006.38,67.117,0x80008000,1163,1165
1165,_NoName,1,0,1053.66,47.4911,0x00008000,1164,2444,2445
1167,_NoName,1,0,1002.62,176.142,0x00008000,2443,1168
1171,_NoName,1,0,1107.02,336.415,0x00008000,2043,1177,2092
1172,_NoName,1,0,1112.87,424.863,0x00008000,1177,1195,2075
1173,_NoName,1,0,1137.43,373.039,0x00008000,2454,1177
1176,_NoName,1,0,915.532,1335.31,0x00008000,1226,1626,612
1177,_NoName,1,0,1108.45,385.58,0x00008000,1172,1173,2073,1171
1178,_NoName,1,0,995.324,1001.32,0x00008000,1211,2433,2099
1179,_NoName,1,0,1188.94,590.012,0x00008000,2045,2439
1180,_NoName,1,0,1204.13,269.058,0x00008000,2442,2042
1183,_NoName,1,0,1085.84,119.903,0x00008000,1182,2444
1185,_NoName,1,0,1209.19,394.18,0x80008000,1194,1186
1186,_NoName,1,0,1207.43,356.926,0x00008000,2441,1185,2442
1188,_NoName,1,0,1259.62,505.382,0x00008000,1189,1194
1189,_NoName,1,0,1289.25,568.347,0x00008000,1188,1190
1191,_NoName,1,0,1303.58,673.116,0x00008000,1190,1193
1192,_NoName,1,0,1210.42,832.085,0x00008000,1207,1193,2438,902
1193,_NoName,1,0,1236.45,787.674,0x00008000,1191,1192
1194,_NoName,1,0,1228.17,436.281,0x00008000,1185,1188,2440
1195,_NoName,1,0,1137.15,477.479,0x00008000,1172,2440,2439,1196
1198,_NoName,1,0,947.364,538.833,0x00000000,2040,1547
1199,_NoName,1,0,711.071,546.918,0x00000000,2219,202,1200,1835
1200,_NoName,1,0,730.369,513.984,0x00000000,202,1199,1839
1207,_NoName,1,0,1184.43,876.436,0x00008000,2425,1192
1208,_NoName,1,0,1023.16,953.813,0x00008000,2431,1209,1210,2433
1209,_NoName,1,0,994.669,954.056,0x80000000,1208,370
1210,_NoName,1,0,1066.23,979.731,0x80008000,1208,1218
1216,_NoName,1,0,1131.15,967.364,0x80008000,2425,1218
1218,_NoName,1,0,1109.29,1004.67,0x00008000,1210,1216,2429,897
1219,_NoName,1,0,660.639,1558.43,0x00008000,1241,1925
1221,_NoName,1,0,1024.92,1148.64,0x00008000,2428,1222,2427,889
1222,_NoName,1,0,985.162,1126.04,0x80008000,1221,1223
1223,_NoName,1,0,938.551,1098.2,0x00008000,1222,1224,2434,2435
1224,_NoName,1,0,922.554,1088.82,0x80000000,372,1223
1225,_NoName,1,0,813.101,1312.29,0x00008000,2436,1228,1227,2437
1226,_NoName,1,0,899.464,1362.73,0x00008000,1176,1230,1227
1227,_NoName,1,0,862.105,1341.03,0x80008000,1226,1225
1229,_NoName,1,0,760.155,1402.64,0x00008000,2437,2049
1230,_NoName,1,0,871.674,1410.16,0x00008000,1226,1239
1238,_NoName,1,0,616.822,1485.49,0x00008000,1913,1237,1929,1251
1239,_NoName,1,0,842.591,1459.79,0x00008000,1230,2046
1240,_NoName,1,0,769.849,1503.56,0x80008000,2046,1925
1241,_NoName,1,0,604.846,1586.6,0x00008000,1251,1219,2047
1251,_NoName,1,0,570.733,1565.56,0x00008000,1241,1252,1238,1261,1929
1258,_NoName,1,0,508.822,1529.19,0x00000000,2093,2094,1271
1261,_NoName,1,0,552.325,1621.21,0x80008000,1251,1283,2048
1275,_NoName,1,0,480.911,1576.82,0x00008000,2094,1457
1283,_NoName,1,0,516.652,1681.66,0x00008000,1261,1284
1284,_NoName,1,0,485.614,1734.91,0x00008000,1280,1286,1283
1285,_NoName,1,0,582.862,1813.58,0x00008000,1292,2023
1286,_NoName,1,0,525.388,1759.78,0x00008000,2022,1284
1292,_NoName,1,0,582.197,1837.67,0x00008000,1285,1643
1294,_NoName,1,0,510.178,2131.69,0x00008000,1299,1639,1306
1295,_NoName,1,0,488.29,2232.39,0x00080000,2135,1299,2133,1648,1310
1296,_NoName,1,0,465.137,2417.29,0x00010000,1321,1297
1297,_NoName,1,0,471.534,2359.99,0x00010000,1296,1293
1299,_NoName,1,0,498.09,2188.96,0x00000000,1294,1295
1302,_NoName,1,0,528.28,2255.5,0x00080000,1312,1298
1305,_NoName,1,0,479.057,2165.94,0x00008000,1306,1307,2134
1306,_NoName,1,0,497.932,2146.11,0x00008000,1305,1294
1307,_NoName,1,0,414.606,2232.63,0x00008000,1305,1309,1320
1309,_NoName,1,0,447.78,2215.29,0x00000000,1307,1310
1310,_NoName,1,0,474.087,2224.12,0x00000000,1295,1309
1311,_NoName,1,0,345.977,2306.2,0x00008000,1328,1320,1484
1312,_NoName,1,0,549.027,2268.02,0x00000000,1313,1302
1313,_NoName,1,0,561.352,2279.31,0x00000000,1314,1312
1314,_NoName,1,0,569.852,2293.72,0x00000000,1315,1313
1315,_NoName,1,0,572.638,2316.09,0x00000000,1316,1314
1316,_NoName,1,0,549.075,2357.9,0x00000000,1317,1315,1489
1317,_NoName,1,0,529.026,2392.12,0x00000000,1318,1316
1320,_NoName,1,0,377.292,2272.41,0x00008000,1307,1311,1637
1321,_NoName,1,0,458.502,2455.07,0x00010000,1323,1296
1323,_NoName,1,0,448.132,2501.57,0x00010000,1324,1321
1324,_NoName,1,0,433.467,2543.87,0x00010000,1325,1323
1325,_NoName,1,0,424.031,2567.56,0x00010000,1326,1324
1326,_NoName,1,0,408.027,2598.6,0x00010000,1325
1329,_NoName,1,0,271.211,2535.14,0x00008000,1328,1335,2025
1330,_NoName,1,0,237.212,2643.71,0x00008000,1332,1335
1332,_NoName,1,0,215.381,2693.28,0x00008000,1330,2026
1335,_NoName,1,0,255.4,2587.54,0x00008000,1330,1329
1336,_NoName,1,0,144.982,2766.54,0x00008000,2026,1338
1337,_NoName,1,0,231.027,2239.49,0x00008000,367,1587
1338,_NoName,1,0,96.0233,2792.59,0x00008000,1336,1339
1339,_NoName,1,0,60.2408,2812.28,0x00008000,1338,1342
1342,_NoName,1,0,31.4217,2843.97,0x00008000,1339,1502
1343,_NoName,1,0,-690.453,4076.14,0x00008000,1407,1399,1391,1398
1344,_NoName,1,0,-805.176,4271.04,0x00008000,2035,1359
1346,_NoName,1,0,-805.27,4323.96,0x00000000,2035,1348
1348,_NoName,1,0,-787.033,4349.02,0x00080000,1346,1350
1352,_NoName,1,0,-708.613,4395.02,0x00000000,1353,2132
1353,_NoName,1,0,-688.324,4401.6,0x00000000,1354,1352
1354,_NoName,1,0,-660.027,4396.47,0x00000000,1355,1353
1355,_NoName,1,0,-641.732,4383.69,0x00000000,1356,1354
1356,_NoName,1,0,-630.688,4371.18,0x00000000,1357,1355
1357,_NoName,1,0,-615.607,4345.44,0x00000000,1358,1356
1359,_NoName,1,0,-765.855,4204.51,0x00008000,1344,1361,1399
1361,_NoName,1,0,-763.633,4230.38,0x00000000,2033,1359
1362,_NoName,1,0,-738.507,4261.65,0x00000000,2034,2033
1364,_NoName,1,0,-709.253,4266.83,0x00000000,1365,2034
1365,_NoName,1,0,-693.68,4261.22,0x00000000,1366,1364
1367,_NoName,1,0,-631.794,4224.49,0x00010000,1369,1366
1369,_NoName,1,0,-583.164,4193.82,0x00010000,1370,1367
1370,_NoName,1,0,-553.692,4172.34,0x00010000,1371,1369
1371,_NoName,1,0,-514.313,4137.01,0x00010000,1372,1370
1372,_NoName,1,0,-483.041,4104.15,0x00010000,1373,1371
1373,_NoName,1,0,-456.806,4070.18,0x00010000,1374,1372
1374,_NoName,1,0,-442.274,4049.64,0x00010000,1373
1377,_NoName,1,0,-565.454,4149.65,0x00000000,1379,1378
1378,_NoName,1,0,-578.946,4141.41,0x00080000,1377,1376
1379,_NoName,1,0,-534.519,4157.21,0x00000000,1380,1377
1380,_NoName,1,0,-515.066,4153.75,0x00000000,1381,1379
1381,_NoName,1,0,-505.818,4149.01,0x00000000,1382,1380
1382,_NoName,1,0,-494.519,4139.02,0x00000000,1381,1383
1383,_NoName,1,0,-482.03,4117.71,0x00000000,1384,1382
1391,_NoName,1,0,-652.4,4098.33,0x00080000,1392,1343
1393,_NoName,1,0,-746.46,4043.15,0x80000000,2031,1398
1397,_NoName,1,0,-751.808,3982.52,0x00000000,1085,1400
1400,_NoName,1,0,-729.33,3943.8,0x00000000,1397,1403
1401,_NoName,1,0,-622.114,3761.3,0x00000000,2030,1402
1402,_NoName,1,0,-654.96,3817.92,0x00000000,1401,1404
1403,_NoName,1,0,-703.752,3900.2,0x00000000,1400,1404
1404,_NoName,1,0,-679.294,3858.87,0x00000000,1402,1403,1405
1406,_NoName,1,0,-592.838,3909.53,0x00008000,1405,1429,1407
1407,_NoName,1,0,-624.302,3962.9,0x00008000,1406,1343,1409
1409,_NoName,1,0,-619.318,3992.89,0x00000000,1407,1410
1410,_NoName,1,0,-598.737,4014.69,0x00000000,1409,1411
1411,_NoName,1,0,-577.47,4023.71,0x00000000,2032,1410
1413,_NoName,1,0,-502.078,3988.34,0x80010000,1416,1412
1416,_NoName,1,0,-460.884,3963.7,0x00010000,1413,1418
1418,_NoName,1,0,-409.668,3925.68,0x00010000,1416,1419
1419,_NoName,1,0,-365.463,3887.03,0x00010000,1418,1420
1420,_NoName,1,0,-328.04,3846.66,0x00010000,1419,1421
1421,_NoName,1,0,-309.604,3823.24,0x00010000,1420,1422
1422,_NoName,1,0,-298.602,3804.47,0x00010000,1421
1424,_NoName,1,0,-588.991,3716.12,0x00000000,2030,2029
1428,_NoName,1,0,-495.499,3742.83,0x00008000,1646,1427,1429
1429,_NoName,1,0,-547.935,3832.34,0x00008000,1406,1428
1430,_NoName,1,0,-134.984,3127.88,0x00008000,1028,1647,1431
1431,_NoName,1,0,-146.252,3160.18,0x00000000,2027,1430
1433,_NoName,1,0,-117.034,3196.38,0x00000000,2028,2027
1434,_NoName,1,0,-70.0577,3198.91,0x00000000,1435,1649
1436,_NoName,1,0,7.45009,3128.02,0x00010000,1437,1435
1437,_NoName,1,0,79.8747,3060.46,0x00010000,1436,1445
1445,_NoName,1,0,121.128,3021.68,0x00010000,1437,1446
1446,_NoName,1,0,191.589,2949.73,0x00010000,1445,1447
1447,_NoName,1,0,214.397,2920.26,0x00010000,1446,1448
1448,_NoName,1,0,232.554,2895.55,0x00010000,1447
1451,_NoName,1,0,680.455,1372.5,0x00000000,1233,1916
1453,_NoName,1,0,926.035,953.413,0x00000000,2383,1454,370
1454,_NoName,1,0,908.871,982.704,0x00000000,1453,1923
1455,_NoName,1,0,866.244,1055.45,0x00000000,1922,372,2384
1456,_NoName,1,0,740.698,1269.69,0x00000000,2387,1228,1917
1457,_NoName,1,0,440.448,1645.87,0x00008000,1275,1463
1460,_NoName,1,0,371.559,1694.9,0x00008000,1465,1463
1463,_NoName,1,0,412.61,1693.37,0x00008000,1457,1464,1460
1464,_NoName,1,0,435.788,1704.66,0x00008000,1463,1280
1465,_NoName,1,0,326.148,1708.49,0x00008000,1460,1466
1466,_NoName,1,0,282.523,1722.04,0x00008000,1465,1556,2095
1470,_NoName,1,0,245.252,1754.37,0x00008000,1574,2095,1555
1471,_NoName,1,0,206.191,1912.64,0x00008000,1579,1472
1472,_NoName,1,0,200.926,1934.87,0x00008000,1471,1473,366
1473,_NoName,1,0,176.06,1935.86,0x00000000,1472,1474
1477,_NoName,1,0,261.769,2442.8,0x00008000,2025,1331
1479,_NoName,1,0,237.476,2292.9,0x00008000,367,1331,2024
1482,_NoName,1,0,288.98,2333.31,0x80008000,2024,1484
1484,_NoName,1,0,318.379,2330.65,0x00008000,1482,1311
1486,_NoName,1,0,662.436,2334.29,0x00080000,1487,1485
1487,_NoName,1,0,654.496,2329.3,0x00000000,1488,1486
1488,_NoName,1,0,616.524,2333.02,0x00000000,1489,1487
1489,_NoName,1,0,593.309,2339.39,0x00000000,1316,1488
1491,_NoName,1,0,731.602,2375.33,0x00080000,2108,1493
1492,_NoName,1,0,777.886,2383.91,0x00000000,2108,1495
1495,_NoName@G,1,0,809.535,2365.88,0x00088000,1492,1038
1498,_NoName,1,0,1028.85,2057.5,0x00008000,1802,1499,2107
1499,_NoName,1,0,1050.57,2035.17,0x00008000,1498,1500
1500,_NoName,1,0,1078.15,2019.33,0x00008000,1499,1509,2104
1501,_NoName,1,0,-50.0428,2983.34,0x00008000,1502,1028
1503,_NoName,1,0,1065.05,1934.18,0x00000000,1511,1505,2105
1505,_NoName,1,0,1054.8,1961.2,0x00000000,1503,2104
1509,_NoName,1,0,1127.33,1996.08,0x00008000,1500,2453
1510,_NoName,1,0,1193.83,1963.67,0x80008000,2453,1518
1511,_NoName,1,0,1081.67,1923.6,0x00000000,1503,1513
1512,_NoName,1,0,1173.06,1878.6,0x00000000,1513,2103
1515,_NoName,1,0,1216.89,1887.27,0x00000000,2103,1516
1517,_NoName,1,0,1232.64,1914.67,0x00000000,1516,1518
1518,_NoName,1,0,1242.25,1939.87,0x00008000,1510,1517,1519
1519,_NoName,1,0,1280.81,1921.72,0x00008000,1518,1520
1520,_NoName,1,0,1378.03,1874.08,0x00008000,1519,1523
1523,_NoName,1,0,1407.02,1844.87,0x00008000,2102,1520
1525,_NoName,1,0,1431.09,1781.33,0x00008000,2102,1526
1526,_NoName,1,0,1424.07,1666.84,0x00008000,1525,1527
1527,_NoName,1,0,1402.89,1625.23,0x00008000,1526,2101
1531,_NoName,1,0,1035,1405.32,0x00008000,2390,537
1535,_NoName,1,0,769.146,606.289,0x00000000,1536,202,1873,151,2110
1536,_NoName,1,0,843.976,478.323,0x00000000,1535,2426,1547,400
1537,_NoName,1,0,1002.12,538.923,0x00000000,2041,1196
1539,_NoName,1,0,499.666,918.169,0x00000000,1810,1847
1540,_NoName,1,0,843.463,371.488,0x00000000,1541,2038
1541,_NoName,1,0,818.581,363.6,0x00000000,1540,1542,1544,412
1543,_NoName,1,0,635.221,93.0453,0x00200000,1741,2379,2195
1544,_NoName,1,0,753.414,356.546,0x00000000,1541,1841,1783
1545,_NoName,1,0,573.752,-42.9302,0x00200000,438,2199,1739
1547,_NoName,1,0,884.565,502.183,0x80000000,1198,1536
1548,_NoName,1,0,928.878,421.716,0x80000000,2037,1549
1549,_NoName,1,0,890.558,399.084,0x00000000,1548,2038,2426
1550,_NoName,1,0,549.871,980.212,0x00200000,1872,1859,1871
1551,_NoName,1,0,703.488,717.974,0x00000000,1873,1867,1552
1552,_NoName,1,0,800.353,676.298,0x00000000,151,275,1551
1553,_NoName,1,0,230.646,1366.62,0x00000000,2397,1984,2130
1555,_NoName,1,0,227.991,1729.41,0x80000000,1556,1470,1589
1556,_NoName,1,0,260.854,1726.94,0x00000000,1555,1466
1560,_NoName,1,0,365.215,1136.98,0x00200000,1990,1974,1991
1561,_NoName,1,0,299.901,1406.62,0x00000000,2130,241,1949
1562,_NoName,1,0,449.527,1151.42,0x00200000,1945,2158,1944
1563,_NoName,1,0,39.8674,1864.59,0x00200000,1575,1570,1568
1564,_NoName,1,0,115.114,1940.53,0x00000000,1077,1474
1568,_NoName,1,0,53.5701,1851.39,0x00040000,1563,2142
1570,_NoName,1,0,31.0319,1855.61,0x00000000,1563
1572,_NoName,1,0,69.5626,1895.33,0x00200000,1575,2131,1573
1573,_NoName,1,0,82.2596,1883.56,0x00040000,1572,2141
1575,_NoName,1,0,56.5522,1881.93,0x00000000,1572,1563
1579,_NoName,1,0,218.271,1864.35,0x00008000,1574,1471
1583,_NoName,1,0,204.872,2011.83,0x00008000,366,1598
1586,_NoName,1,0,162.665,1751.2,0x00000000,1580,335
1587,_NoName,1,0,225.639,2192.76,0x00008000,1598,1337
1590,_NoName,1,0,195.676,1694.87,0x00000000,2398,2399,335
1597,_NoName,1,0,150.895,1684.17,0x00240000,2143,1600,333
1600,_NoName,1,0,164.52,1660.92,0x00000000,1597,1603,333
1603,_NoName,1,0,158.892,1654.7,0x00200000,1605,1600,2389
1605,_NoName,1,0,185.196,1623.07,0x00040000,2159,1603
1607,_NoName,1,0,124.424,1616.84,0x00000000,1610,1617
1608,_NoName,1,0,120.677,1650.75,0x00240000,1610,2144,2389
1610,_NoName,1,0,134.162,1627.64,0x00000000,2389,1608,1607
1613,_NoName,1,0,107.649,1597.68,0x00000000,1619,1617
1614,_NoName,1,0,69.2577,1652.03,0x00000000,368,1612
1617,_NoName,1,0,112.492,1604.84,0x00000000,1613,368,1607,2146
1619,_NoName,1,0,104.06,1592.54,0x00000000,1613,2020,2146
1624,_NoName,1,0,67.6239,1599.4,0x00040000,2145,1625
1625,_NoName,1,0,36.2367,1609.67,0x00000000,1618,1624
1626,_NoName,1,0,966.824,1365.37,0x80008000,537,1176
1629,_NoName,1,0,292.375,2792.24,0x00010000,1630
1630,_NoName,1,0,309.3,2753.76,0x00010000,1629,1631
1631,_NoName,1,0,320.925,2720.17,0x00010000,1630,1632
1632,_NoName,1,0,331.216,2684.51,0x00010000,1631,1633
1633,_NoName,1,0,340.677,2642.29,0x00010000,1632,1635
1635,_NoName,1,0,346.82,2588.58,0x00010000,1633,1636
1637,_NoName,1,0,367.767,2373.93,0x00000000,1638,1320
1638,_NoName,1,0,361.288,2441.37,0x00000000,1636,1637
1639,_NoName,1,0,522.113,2080.55,0x00008000,1640,1294
1642,_NoName,1,0,563.691,1914.84,0x00008000,1643,1640
1643,_NoName,1,0,576.301,1864.95,0x00008000,1292,1642
1644,_NoName,1,0,-247.972,3320.76,0x00008000,1647,1645
1646,_NoName,1,0,-415.82,3607.05,0x00008000,1645,1428
1647,_NoName,1,0,-180.653,3205.2,0x00008000,1430,1644
1648,_NoName,1,0,481.781,2258.56,0x00000000,1293,1295
1649,_NoName,1,0,-84.4977,3203.6,0x00000000,2028,1434
1650,_NoName,1,0,739.937,94.0998,0x00000000,1106,1651
1651,_NoName,1,0,758.094,134.618,0x00000000,1650,1652
1652,_NoName,1,0,767.395,155.312,0x00200000,1651,1653,1708
1653,_NoName,1,0,775.94,173.861,0x00000000,2421,1652,632
1654,_NoName,1,0,794.288,214.578,0x00000000,2421,1655
1655,_NoName,1,0,803.962,236.006,0x00200000,1654,1720,1656
1656,_NoName,1,0,815.313,261.235,0x00000000,1655,1657
1657,_NoName,1,0,829.695,293.084,0x00200000,2223,2420,1656
1658,_NoName,1,0,848.258,333.927,0x00200000,2221,2039,2419,412
1698,_NoName,1,0,768.295,52.8723,0x00040000,2227,1106
1708,_NoName,1,0,807.426,136.657,0x00040000,2226,1652
1720,_NoName,1,0,836.451,219.591,0x00000000,2225,1655
1725,_NoName,1,0,896.605,360.823,0x00040000,606,2220
1726,_NoName,1,0,520.67,-162.263,0x00000000,1728,1727
1727,_NoName,1,0,534.041,-131.751,0x00200000,1747,1726,2201
1728,_NoName,1,0,502.267,-203.092,0x00200000,1726,2203
1740,_NoName,1,0,604.378,25.4862,0x00200000,2379,1739,2197
1741,_NoName,1,0,646.927,119.25,0x00000000,1742,1543
1742,_NoName,1,0,660.458,149.627,0x00200000,1743,1741,2192
1743,_NoName,1,0,670.413,171.101,0x00000000,1744,1742
1744,_NoName,1,0,680.931,194.852,0x00000000,1064,1743
1745,_NoName,1,0,696.778,230.395,0x00200000,1746,1764,1064
1746,_NoName,1,0,708.784,256.987,0x00000000,1745,1785
1747,_NoName,1,0,552.623,-90.9961,0x00000000,438,1727
1764,_NoName,1,0,664.15,244.713,0x00040000,1745,2191
1783,_NoName,1,0,742.257,331.145,0x00000000,1784,1544
1784,_NoName,1,0,732.859,310.868,0x00200000,1785,1783,1792
1785,_NoName,1,0,721.175,284.352,0x00000000,1746,1784
1792,_NoName,1,0,700.411,325.737,0x00040000,2190,1784
1799,_NoName,1,0,670.419,-559.757,0x00008000,21,1034
1800,_NoName,1,0,905.115,2231.38,0x00008000,1802,1038
1810,_NoName,1,0,498.312,909.991,0x00200000,1539,1812,1819
1812,_NoName,1,0,467.478,891.923,0x00040000,2179,1810
1814,_NoName,1,0,555.45,812.484,0x00000000,1820,1815
1815,_NoName,1,0,574.209,780.473,0x00200000,1814,1816,2182
1816,_NoName,1,0,591.952,749.719,0x00000000,1815,1817
1817,_NoName,1,0,611.777,716.363,0x00200000,1816,2380,2184
1818,_NoName,1,0,649.597,651.823,0x00200000,2380,379,2186
1819,_NoName,1,0,515.628,880.442,0x00000000,1810,1820
1820,_NoName,1,0,536.031,845.624,0x00200000,1819,1814,2180
1832,_NoName,1,0,690.312,582.343,0x00000000,2219,379,2109
1835,_NoName,1,0,673.655,543.053,0x00240000,2188,1199,2219
1839,_NoName,1,0,746.897,485.78,0x00000000,1840,1200,1843
1840,_NoName,1,0,760.651,462.308,0x00000000,1843,408,1839,1846
1841,_NoName,1,0,778.534,411.707,0x00000000,408,1544
1843,_NoName,1,0,717.996,458.101,0x00240000,2189,1840,1839
1846,_NoName,1,0,779.991,453.757,0x00000000,1840,400
1847,_NoName,1,0,501.003,926.924,0x00000000,1539
1859,_NoName,1,0,575.218,994.614,0x00040000,1550,2178
1860,_NoName,1,0,654.639,934.319,0x00000000,1849,1861
1861,_NoName,1,0,643.956,893.801,0x00240000,1860,1866,1869
1863,_NoName,1,0,711.73,858.566,0x00000000,1864,1850
1864,_NoName,1,0,700.926,816.974,0x00240000,1863,1867,1868
1866,_NoName,1,0,631.212,841.547,0x00000000,1869,1861,2382
1867,_NoName,1,0,684.097,751.297,0x00000000,1551,1868,1864
1868,_NoName,1,0,659.756,792.699,0x00000000,2382,1867,1864
1869,_NoName,1,0,611.228,875.413,0x00000000,2381,1866,1861
1871,_NoName,1,0,539.176,980.625,0x00000000,1550
1872,_NoName,1,0,579.274,930.179,0x00000000,2381,1550
1873,_NoName,1,0,745.12,647.303,0x00000000,1551,1535
1874,_NoName,1,0,843.552,772.367,0x00000000,1878,294,1879
1875,_NoName,1,0,867.573,826.448,0x00000000,2118,1876,295
1876,_NoName,1,0,876.057,844.401,0x00000000,1875,2423
1877,_NoName,1,0,902.161,903.286,0x00200000,2383,2111,1882,292
1879,_NoName,1,0,824.881,801.7,0x00240000,1880,1874,2120
1880,_NoName,1,0,799.002,845.115,0x00000000,1851,1879
1882,_NoName,1,0,871.397,910.745,0x00040000,2176,1877
1896,_NoName,1,0,659.861,1334.48,0x00040000,1916,2165
1912,_NoName,1,0,653.566,1418.38,0x00000000,1233,1913,1237
1913,_NoName,1,0,634.832,1450.35,0x00000000,1238,1912
1916,_NoName,1,0,691.427,1353.77,0x00200000,1918,1896,1451
1917,_NoName,1,0,729.342,1289.07,0x00200000,1918,1456,2166
1918,_NoName,1,0,713.984,1315.28,0x00000000,1916,1917
1919,_NoName,1,0,767.52,1223.92,0x00200000,2168,2386,2387
1920,_NoName,1,0,805.379,1159.31,0x00200000,2385,2386,2170
1921,_NoName,1,0,842.881,1094.89,0x00200000,2384,2172,2385
1922,_NoName,1,0,881.104,1030.09,0x00200000,1455,2174,1923
1923,_NoName,1,0,894.987,1006.4,0x00000000,1922,1454
1929,_NoName,1,0,557.46,1515.85,0x00008000,2093,1238,1251
1930,_NoName,1,0,447.196,1446.96,0x00040000,2164,342
1934,_NoName,1,0,371.065,1448.45,0x00200000,1935,1933,118
1935,_NoName,1,0,339.698,1429.79,0x00000000,1934,241
1936,_NoName,1,0,431.221,1483.59,0x00200000,342,1271,2162
1939,_NoName,1,0,506.088,1184.23,0x00000000,2158,1888
1940,_NoName,1,0,471.559,1261.38,0x00000000,1889,1950
1941,_NoName,1,0,427.429,1351.46,0x00000000,1951,1890
1944,_NoName,1,0,444.263,1141.59,0x00000000,1562
1945,_NoName,1,0,410.152,1218.77,0x00000000,1562,1946
1946,_NoName,1,0,394.305,1245.52,0x00000000,1945,1947,1950
1947,_NoName,1,0,369.893,1287.18,0x00000000,1946,1952,2388
1949,_NoName,1,0,316.01,1379.13,0x00000000,1953,1561,1954
1950,_NoName,1,0,436.748,1270.31,0x00200000,1940,1952,1946
1951,_NoName,1,0,387.058,1361.01,0x00200000,1953,1941,1954
1952,_NoName,1,0,403.733,1278.45,0x00040000,1947,1950
1953,_NoName,1,0,348.809,1370.5,0x00040000,1951,1949
1954,_NoName,1,0,342.385,1334.12,0x00000000,1949,2388,1951
1974,_NoName,1,0,338.895,1122.12,0x00040000,1560,2157
1976,_NoName,1,0,299.92,1188.65,0x00040000,2156,1989
1978,_NoName,1,0,262.552,1253.66,0x00040000,2155,1987
1982,_NoName,1,0,187.241,1382.52,0x00040000,1983,2152
1983,_NoName,1,0,212.615,1397.39,0x00200000,2397,1982,1996
1984,_NoName,1,0,237.378,1355.13,0x00000000,1553,1985
1985,_NoName,1,0,250.182,1333.3,0x00200000,1984,1986,2153
1986,_NoName,1,0,268.789,1301.53,0x00000000,1985,1987
1987,_NoName,1,0,287.944,1268.84,0x00200000,1986,1988,1978
1988,_NoName,1,0,305.975,1238.07,0x00000000,1987,1989
1989,_NoName,1,0,325.919,1204.04,0x00200000,1988,1990,1976
1990,_NoName,1,0,345.492,1170.64,0x00000000,1989,1560
1991,_NoName,1,0,377.465,1132.8,0x00000000,1560
1995,_NoName,1,0,175.282,1461.1,0x00200000,2129,1996,2151
1996,_NoName,1,0,194.417,1428.45,0x00000000,1995,1983
1998,_NoName,1,0,131.209,1536.31,0x00200000,2010,339,2148
1999,_NoName,1,0,108.935,1574.32,0x00200000,2020,2010,2147
2009,_NoName,1,0,152.404,1500.14,0x00200000,339,2129,2149
2010,_NoName,1,0,118.221,1558.48,0x00000000,1998,1999
2014,_NoName,1,0,83.3581,1508.67,0x00000000,2006,2148
2015,_NoName,1,0,61.5719,1546.3,0x00000000,2147,2007
2017,_NoName,1,0,104.887,1472.29,0x00000000,2149,2005
2020,_NoName,1,0,104.987,1581.06,0x00000000,1619,1999,2145
2021,_NoName,1,0,658.666,-86.1099,0x00000000,1023,399
2022,_NoName,1,0,550.419,1776.36,0x00008000,2023,1286
2023,_NoName,1,0,572.981,1792.15,0x00008000,2022,1285
2024,_NoName,1,0,259.645,2321.8,0x00008000,1482,1479
2025,_NoName,1,0,272.398,2504.23,0x00008000,1477,1329
2026,_NoName,1,0,180.713,2735.34,0x00008000,1332,1336
2027,_NoName,1,0,-136.367,3180.61,0x00000000,1431,1433
2028,_NoName,1,0,-99.2487,3203.17,0x00000000,1433,1649
2029,_NoName,1,0,-568.004,3710.17,0x00000000,2391,1424
2030,_NoName,1,0,-604.109,3730.57,0x00000000,1424,1401
2031,_NoName,1,0,-755.021,4029.17,0x00000000,1085,1393
2032,_NoName,1,0,-556.3,4020.21,0x00000000,1412,1411
2033,_NoName,1,0,-753.963,4247.24,0x00000000,1361,1362
2034,_NoName,1,0,-722.98,4266.23,0x00000000,1362,1364
2035,_NoName,1,0,-810.632,4295.75,0x00000000,1344,1346
2036,_NoName,1,0,992.205,438.271,0x00000000,1175,1538
2037,_NoName,1,0,947.713,432.921,0x00000000,1538,1548
2038,_NoName,1,0,871.583,387.666,0x00000000,606,1540,1549
2039,_NoName,1,0,838.88,314.131,0x00000000,412,2420,1658
2041,_NoName,1,0,988.505,543.898,0x00000000,2040,1537
2042,_NoName,1,0,1193,242.145,0x00008000,1180,1182
2043,_NoName,1,0,1104.12,305.164,0x00008000,1171,2044
2044,_NoName,1,0,1089.86,273.798,0x00008000,2043,1168
2046,_NoName,1,0,823.772,1476.42,0x00008000,1239,1240
2047,_NoName,1,0,574.987,1600.86,0x00008000,1241,2048
2048,_NoName,1,0,565.758,1606.27,0x00008000,1261,2047
2049,_NoName,1,0,743.565,1422.33,0x00008000,1229,1237
2050,_NoName,1,0,-739.158,-107.8,0x00000000,83,2051
2051,_NoName,1,0,-747.524,-132.823,0x00000000,2050,142,125
2052,_NoName,1,0,393.621,-1527.17,0x00000000,647,2053
2053,_NoName,1,0,412.359,-1533.23,0x00000000,654,2052
2054,_NoName,1,0,535.375,-1281.26,0x00000000,674,677
2055,_NoName,1,0,640.816,-844.449,0x00008000,1018,664
2056,_NoName,1,0,599.216,-628.555,0x00000000,1037,1017
2057,_NoName,1,0,380.18,-1054.13,0x00008000,633
2058,_NoName,1,0,690.111,-730.294,0x00008000,1039,2059
2059,_NoName,1,0,657.126,-733.856,0x00008000,2058,1016
2060,_NoName,1,0,604.507,-738.468,0x00008000,1014,1015
2062,_NoName,1,0,544.089,-736.195,0x00000000,1012,1014
2063,_NoName,1,0,482.05,-529.432,0x00000000,2064,1068
2064,_NoName,1,0,509.515,-529.717,0x00000000,2063,1118
2065,_NoName,1,0,124.463,-1029.97,0x00008000,1011,250
2066,_NoName,1,0,-107.865,-1174.98,0x00000000,223,508
2067,_NoName,1,0,-81.4863,-1197.02,0x00000000,513,228
2068,_NoName,1,0,-311.064,-799.618,0x00000000,491,190
2069,_NoName,1,0,-487.429,-482.085,0x00000000,89,90
2070,_NoName,1,0,-943.216,295.607,0x00000000,73,72
2071,_NoName,1,0,-957.94,322.079,0x00000000,68,67
2072,_NoName,1,0,-1295.6,904.068,0x00080000,99,96
2073,_NoName,1,0,1060.4,407.47,0x00000000,1175,1177,2074
2074,_NoName,1,0,1083.58,406.791,0x00000000,2073,2075
2075,_NoName,1,0,1101.03,413.848,0x00000000,2074,1172
2076,_NoName,1,0,279.065,-943.371,0x00008000,624,622,620,2077
2077,_NoName,1,0,284.504,-915.594,0x00000000,2076,619
2078,_NoName,1,0,158.794,-1267.96,0x00008000,19,283
2079,_NoName,1,0,86.8279,-1363.83,0x00008000,289,273
2080,_NoName,1,0,215.43,-1571.58,0x00008000,298,300,518
2081,_NoName,1,0,174.406,-1596.66,0x00000000,501,518
2082,_NoName,1,0,173.412,-1523.17,0x00008000,2083,2084
2083,_NoName,1,0,150.781,-1507.38,0x00008000,293,290,2082,2085
2084,_NoName,1,0,202.104,-1527.65,0x00008000,2082,296
2085,_NoName,1,0,149.552,-1540.06,0x00000000,530,2083
2086,_NoName,1,0,121.308,-1046.59,0x00008000,245,250
2087,_NoName,1,0,638.601,-2352.24,0x00000000,18,369
2088,_NoName,1,0,731.673,-2436.4,0x00000000,818,816
2089,_NoName,1,0,610.969,-2307.24,0x00000000,364,362
2090,_NoName,1,0,640.784,-2286.67,0x00000000,2091,371
2091,_NoName,1,0,619.421,-2283.29,0x00000000,362,2090
2092,_NoName,1,0,1134.14,359.663,0x00008000,1171,2454
2093,_NoName,1,0,518.558,1534.89,0x00008000,1258,1252,1929,2094
2094,_NoName,1,0,498.077,1547.52,0x00008000,1275,1258,2093
2095,_NoName,1,0,263.3,1733.77,0x00008000,1470,1466
2096,_NoName,1,0,497.959,-484.398,0x00000000,1115,1131
2097,_NoName,1,0,497.868,-495.669,0x00000000,1120,1115
2098,_NoName,1,0,281.02,-1321.7,0x00008000,328,330
2099,_NoName,1,0,991.401,985.042,0x00000000,2100,1178
2100,_NoName,1,0,979.288,964.99,0x00000000,370,2099
2101,_NoName,1,0,1372.77,1603.8,0x00008000,640,1527
2102,_NoName,1,0,1423.96,1812.13,0x00008000,1525,1523
2103,_NoName,1,0,1199.69,1876.93,0x00000000,1515,1512
2105,_NoName,1,0,1050.49,1950.79,0x00000000,1503,2106
2106,_NoName,1,0,1044.14,1984.16,0x00000000,2105,2107
2107,_NoName,1,0,1038.7,2024.66,0x00000000,2106,1498
2108,_NoName,1,0,750.06,2382.85,0x00000000,1492,1491
2109,_NoName,1,0,713.848,573.605,0x00000000,1832,2110,2219
2110,_NoName,1,0,750.111,579.159,0x00000000,1535,2109
2111,_NoName,1,0,889.164,873.861,0x00000000,2423,1877,2112
2112,_NoName,1,0,900.237,881.77,0x00000000,2111,2113
2113,_NoName,1,0,913.708,884.734,0x00000000,292,2112
2114,_NoName,1,0,867.673,798.601,0x00000000,294,2115
2115,_NoName,1,0,877.499,799.513,0x00000000,2114,295
2116,_NoName,1,0,826.101,711.113,0x00000000,275,2117
2117,_NoName,1,0,838.05,714.505,0x00000000,253,2116
2118,_NoName,1,0,859.75,808.372,0x00000000,294,1875,2119
2119,_NoName,1,0,843.546,801.517,0x00000000,2118,2120
2120,_NoName,1,0,830.982,799.844,0x00000000,2119,1879
2121,_NoName,1,0,189.571,-854.007,0x00040000,604,618,2123
2122,_NoName,1,0,216.002,-865.318,0x00000000,607,604,2123
2123,_NoName,1,0,204.756,-862.799,0x00000000,2122,2121,608,604
2124,_NoName,1,0,214.093,-828.013,0x00000000,2125,613
2125,_NoName,1,0,190.104,-831.703,0x00000000,618,2124
2126,_NoName,1,0,79.5664,-934.581,0x00000000,594,595
2127,_NoName,1,0,40.8442,-944.346,0x00000000,591,244,593
2128,_NoName,1,0,277.291,-1447.83,0x00000000,340,341
2130,_NoName,1,0,268.824,1388.8,0x00000000,1553,1561
2131,_NoName,1,0,82.6928,1908.93,0x00000000,1077,1572
2132,_NoName,1,0,-725.626,4384.64,0x00080000,1349,1352
2133,_NoName,1,0,476.955,2219.91,0x00000000,1295,2134
2134,_NoName,1,0,469.255,2189.46,0x00000000,2133,1305
2136,_NoName,1,0,513.731,-2165.49,0x00080000,349,348
2138,_NoName,1,0,486.174,-2404.66,0x00000000,376,378
2139,_NoName,1,0,447.142,-2397.37,0x00000000,380,378
2140,_NoName,1,0,-451.199,-104.672,0x00000000,43,34,420
2141,_NoName,1,0,106.097,1860.84,0x00000000,1571,1573
2142,_NoName,1,0,76.3309,1829.46,0x00000000,1567,1568
2143,_NoName,1,0,130.045,1719.89,0x00000000,1597,1595
2144,_NoName,1,0,100.593,1685.17,0x00000000,1608,1606
2145,_NoName,1,0,95.7328,1593.21,0x00200000,1624,2020,2146
2146,_NoName,1,0,101.673,1596.59,0x00000000,2145,368,1617,1619
2147,_NoName,1,0,90.7304,1563.39,0x00040000,1999,2015
2148,_NoName,1,0,113.29,1526.13,0x00040000,1998,2014
2149,_NoName,1,0,136.086,1490.58,0x00040000,2009,2017
2150,_NoName,1,0,128.025,1433.27,0x00000000,2151,1994
2151,_NoName,1,0,159.223,1451.55,0x00040000,2150,1995
2152,_NoName,1,0,138.278,1353.83,0x00000000,1964,1982
2153,_NoName,1,0,224.742,1318.33,0x00040000,2154,1985
2154,_NoName,1,0,175.779,1289.64,0x00000000,2153,1962
2155,_NoName,1,0,213.796,1225.12,0x00000000,1960,1978
2156,_NoName,1,0,251.219,1160.11,0x00000000,1958,1976
2157,_NoName,1,0,290.841,1093.82,0x00000000,1956,1974
2158,_NoName,1,0,473.75,1165.28,0x00040000,1939,1562
2159,_NoName,1,0,207.199,1585.46,0x00000000,1605,1601
2160,_NoName,1,0,262.413,1491.15,0x00000000,61,39
2161,_NoName,1,0,323.998,1528.77,0x00000000,118,35
2162,_NoName,1,0,412.019,1516.93,0x00040000,2163,1936
2163,_NoName,1,0,384.116,1564.54,0x00000000,2162,27
2164,_NoName,1,0,468.322,1410.91,0x00000000,1930,1887
2165,_NoName,1,0,619.665,1310.76,0x00000000,1896,1884
2166,_NoName,1,0,698.409,1270.13,0x00040000,2167,1917
2167,_NoName,1,0,658.213,1246.41,0x00000000,2166,1883
2168,_NoName,1,0,736.989,1205.87,0x00040000,2169,1919
2169,_NoName,1,0,696.793,1182.14,0x00000000,2168,1856
2170,_NoName,1,0,775.441,1141.4,0x00040000,2171,1920
2171,_NoName,1,0,735.246,1117.68,0x00000000,2170,1855
2172,_NoName,1,0,812.936,1076.47,0x00040000,2173,1921
2173,_NoName,1,0,772.74,1052.74,0x00000000,2172,1854
2174,_NoName,1,0,849.568,1010.92,0x00040000,2175,1922
2175,_NoName,1,0,809.372,987.196,0x00000000,2174,1853
2176,_NoName,1,0,827.548,922.612,0x00000000,1882,1852
2177,_NoName,1,0,952.223,834.18,0x00000000,248,292
2178,_NoName,1,0,609.743,1014.61,0x00000000,1859,1848
2179,_NoName,1,0,420.634,864.472,0x00000000,1812,1805
2180,_NoName,1,0,504.28,826.533,0x00040000,2181,1820
2181,_NoName,1,0,457.437,799.082,0x00000000,2180,1806
2182,_NoName,1,0,541.973,761.742,0x00040000,2183,1815
2183,_NoName,1,0,495.129,734.292,0x00000000,2182,1807
2184,_NoName,1,0,579.93,696.969,0x00040000,2185,1817
2185,_NoName,1,0,533.086,669.518,0x00000000,2184,1808
2186,_NoName,1,0,617.205,632.892,0x00040000,2187,1818
2187,_NoName,1,0,570.361,605.441,0x00000000,2186,1809
2188,_NoName,1,0,611.508,537.33,0x00000000,1835,1508
2189,_NoName,1,0,660.697,453.168,0x00000000,1843,1803
2190,_NoName,1,0,646.721,350.342,0x00000000,1792,1790
2191,_NoName,1,0,607.247,270.81,0x00000000,1737,1764
2192,_NoName,1,0,626.483,164.878,0x00040000,2193,1742
2193,_NoName,1,0,569.58,190.974,0x00000000,2192,1734
2194,_NoName,1,0,550.505,130.657,0x00000000,2195,1732
2195,_NoName,1,0,607.409,104.561,0x00040000,2194,1543
2196,_NoName,1,0,516.541,64.6064,0x00000000,2197,1731
2197,_NoName,1,0,573.445,38.5096,0x00040000,2196,1740
2198,_NoName,1,0,492.646,-7.03311,0x00000000,2199,1730
2199,_NoName,1,0,542.548,-29.3953,0x00040000,2198,1545
2200,_NoName,1,0,451.701,-94.8637,0x00000000,2201,1729
2201,_NoName,1,0,501.603,-117.226,0x00040000,2200,1727
2202,_NoName,1,0,409.967,-161.616,0x00000000,2203,1155
2203,_NoName,1,0,466.871,-187.712,0x00040000,2202,1728
2204,_NoName,1,0,375.218,-247.671,0x00000000,2205,1116
2205,_NoName,1,0,432.48,-273.039,0x00040000,2204,1147
2206,_NoName,1,0,343.562,-315.82,0x00000000,2207,1158
2207,_NoName,1,0,399.383,-340.897,0x00040000,2206,1150
2208,_NoName,1,0,312.361,-378.714,0x00000000,1136,1134
2209,_NoName,1,0,250.074,-407.71,0x00000000,1086,1079
2210,_NoName,1,0,188.622,-373.567,0x00000000,1096,1094
2211,_NoName,1,0,154.547,-311.413,0x00000000,2451,1102
2212,_NoName,1,0,-23.4641,-302.411,0x00000000,1112,1113
2213,_NoName,1,0,0.1944,-378.759,0x00000000,1109,2452
2214,_NoName,1,0,83.62,-416.608,0x00040000,2215,1097
2215,_NoName,1,0,38.0505,-443.361,0x00000000,2214,1098
2216,_NoName,1,0,76.0654,-508.234,0x00000000,1083,1091
2217,_NoName,1,0,152.254,-550.587,0x00000000,1074,1076
2218,_NoName,1,0,206.455,-606.777,0x00000000,1058,1061
2219,_NoName,1,0,700.942,564.273,0x00000000,1835,2109,1199,1832
2220,_NoName,1,0,935.217,342.841,0x00000000,1659,1725
2221,_NoName,1,0,877.335,321.072,0x00040000,2222,1658
2222,_NoName,1,0,916.8,303.331,0x00000000,2221,1660
2223,_NoName,1,0,860.366,279.962,0x00040000,2224,1657
2224,_NoName,1,0,899.679,262.282,0x00000000,2223,1661
2225,_NoName,1,0,883.318,197.874,0x00000000,1721,1720
2226,_NoName,1,0,852.326,115.758,0x00000000,1708,1711
2227,_NoName,1,0,811.883,32.5589,0x00000000,1701,1698
2228,_NoName,1,0,735.656,-25.7046,0x00040000,2229,1071
2229,_NoName,1,0,780.577,-45.4705,0x00000000,2228,1691
2230,_NoName,1,0,703.2,-102.043,0x00040000,2231,597
2231,_NoName,1,0,746.788,-122.356,0x00000000,2230,1677
2232,_NoName,1,0,668.477,-180.529,0x00040000,2233,305
2233,_NoName,1,0,712.065,-200.843,0x00000000,2232,1681
2234,_NoName,1,0,631.798,-261.097,0x00040000,2235,302
2235,_NoName,1,0,675.984,-281.461,0x00000000,2234,685
2236,_NoName,1,0,599.186,-339.933,0x00040000,2237,1157
2237,_NoName,1,0,643.363,-359.484,0x00000000,2236,247
2238,_NoName,1,0,147,-768.845,0x00000000,611,618
2239,_NoName,1,0,175.713,-691.411,0x00000000,1006,1000
2240,_NoName,1,0,385.53,-693.034,0x00000000,1047,1051
2241,_NoName,1,0,353.333,-774.719,0x00000000,1010,1003
2242,_NoName,1,0,-359.498,-187.359,0x00040000,2243,424
2243,_NoName,1,0,-301.343,-153.28,0x00000000,2242,425
2244,_NoName,1,0,-312.522,-268.922,0x00040000,2245,548
2245,_NoName,1,0,-254.366,-234.843,0x00000000,2244,549
2246,_NoName,1,0,-265.744,-348.178,0x00040000,2247,553
2247,_NoName,1,0,-207.589,-314.1,0x00000000,2246,554
2248,_NoName,1,0,-228.041,-413.117,0x00040000,2249,558
2249,_NoName,1,0,-169.886,-379.038,0x00000000,2248,559
2250,_NoName,1,0,-189.789,-477.483,0x00040000,2251,563
2251,_NoName,1,0,-131.633,-443.404,0x00000000,2250,564
2252,_NoName,1,0,-153.028,-541.67,0x00040000,2253,569
2253,_NoName,1,0,-94.8722,-507.592,0x00000000,2252,570
2254,_NoName,1,0,-103.945,-624.288,0x00040000,2255,575
2255,_NoName,1,0,-45.7899,-590.21,0x00000000,2254,574
2256,_NoName,1,0,-64.0473,-693.572,0x00040000,2257,580
2257,_NoName,1,0,-5.8918,-659.494,0x00000000,2256,579
2258,_NoName,1,0,-25.6086,-759.082,0x00040000,2259,584
2259,_NoName,1,0,32.5468,-725.004,0x00000000,2258,585
2260,_NoName,1,0,-350.726,-103.582,0x00000000,422,418
2261,_NoName,1,0,-354.783,-33.3254,0x00000000,124,417
2262,_NoName,1,0,-225.278,-8.14646,0x00000000,409,411
2263,_NoName,1,0,-149.688,104.548,0x00000000,407,7
2264,_NoName,1,0,-231.826,203.424,0x00000000,395,5
2265,_NoName,1,0,-188.202,264.182,0x00000000,4,392
2266,_NoName,1,0,-51.4588,184.085,0x00000000,2392,9
2267,_NoName,1,0,-151.537,488.19,0x00000000,432,428
2268,_NoName,1,0,-225.114,445.694,0x00000000,435,437
2269,_NoName,1,0,-279.271,356.129,0x00040000,2270,444
2270,_NoName,1,0,-305.368,400.663,0x00000000,2269,439
2271,_NoName,1,0,-369.24,360.227,0x00000000,445,442
2272,_NoName,1,0,-455.394,291.869,0x00000000,452,448
2273,_NoName,1,0,-772.902,739.846,0x00040000,2274,479
2274,_NoName,1,0,-720.671,770.453,0x00000000,2273,480
2275,_NoName,1,0,-716.575,646.385,0x00040000,2276,475
2276,_NoName,1,0,-664.344,676.992,0x00000000,2275,474
2277,_NoName,1,0,-669.173,564.064,0x00040000,2278,470
2278,_NoName,1,0,-616.943,594.671,0x00000000,2277,469
2279,_NoName,1,0,-626.752,490.564,0x00040000,2280,464
2280,_NoName,1,0,-574.522,521.171,0x00000000,2279,465
2281,_NoName,1,0,-585.485,416.15,0x00040000,2282,459
2282,_NoName,1,0,-533.255,446.757,0x00000000,2281,460
2283,_NoName,1,0,-541.394,343.474,0x00040000,2284,455
2284,_NoName,1,0,-489.163,374.081,0x00000000,2283,456
2285,_NoName,1,0,-763.111,847.073,0x00000000,489,488
2286,_NoName,1,0,-892.633,550.22,0x00040000,2287,520
2287,_NoName,1,0,-852.889,573.511,0x00000000,2286,521
2288,_NoName,1,0,-847.458,473.615,0x00040000,2289,514
2289,_NoName,1,0,-807.713,496.905,0x00000000,2288,515
2290,_NoName,1,0,-809.517,405.39,0x00040000,2291,510
2291,_NoName,1,0,-769.773,428.68,0x00000000,2290,509
2292,_NoName,1,0,-770.013,339.159,0x00040000,2293,504
2293,_NoName,1,0,-730.268,362.449,0x00000000,2292,505
2294,_NoName,1,0,-730.116,273.3,0x00040000,2295,500
2295,_NoName,1,0,-690.372,296.59,0x00000000,2294,499
2296,_NoName,1,0,-695.412,213.706,0x00040000,2297,494
2297,_NoName,1,0,-655.667,236.996,0x00000000,2296,493
2298,_NoName,1,0,-1035.11,820.16,0x00040000,2299,539
2299,_NoName,1,0,-993.177,844.869,0x00000000,2298,540
2300,_NoName,1,0,-991.958,741.037,0x00040000,2301,531
2301,_NoName,1,0,-950.02,765.746,0x00000000,2300,532
2302,_NoName,1,0,743.036,-897.416,0x00000000,977,976
2303,_NoName,1,0,732.713,-995.369,0x00040000,2304,715
2304,_NoName,1,0,783.407,-965.454,0x00000000,2303,973
2305,_NoName,1,0,768.347,-1062.42,0x00040000,2306,716
2306,_NoName,1,0,819.041,-1032.51,0x00000000,2305,970
2307,_NoName,1,0,808.001,-1124.93,0x00040000,2308,937
2474,_NoName,1,0,808.001,-1124.93,0x00000000,932
2308,_NoName,1,0,858.695,-1095.02,0x00000000,2307,938
2309,_NoName,1,0,846.487,-1190.58,0x00040000,2310,945
2310,_NoName,1,0,897.181,-1160.67,0x00000000,2309,956
2311,_NoName,1,0,437.451,-1344.97,0x00000000,692,694
2312,_NoName,1,0,557.533,-1498.77,0x00000000,861,863
2313,_NoName,1,0,549.531,-1568.4,0x00000000,865,867
2314,_NoName,1,0,650.905,-1600.56,0x00040000,2315,870
2315,_NoName,1,0,590.423,-1636,0x00000000,2314,869
2316,_NoName,1,0,689.146,-1668.59,0x00040000,2317,875
2317,_NoName,1,0,628.665,-1704.03,0x00000000,2316,874
2318,_NoName,1,0,730.389,-1735.95,0x00040000,2319,880
2319,_NoName,1,0,669.908,-1771.39,0x00000000,2318,879
2320,_NoName,1,0,769.806,-1803.23,0x00040000,2321,884
2321,_NoName,1,0,709.324,-1838.67,0x00000000,2320,885
2322,_NoName,1,0,810.369,-1871.05,0x00040000,2323,888
2323,_NoName,1,0,749.887,-1906.5,0x00000000,2322,890
2324,_NoName,1,0,911.96,-2046.77,0x00040000,2325,894
2325,_NoName,1,0,851.479,-2082.21,0x00000000,2324,895
2326,_NoName,1,0,954.795,-2116.72,0x00040000,2327,898
2327,_NoName,1,0,894.313,-2152.16,0x00000000,2326,899
2328,_NoName,1,0,993.91,-2189.97,0x00040000,2329,904
2329,_NoName,1,0,933.428,-2225.42,0x00000000,2328,903
2330,_NoName,1,0,481.719,-1698.53,0x00000000,768,767
2331,_NoName,1,0,476.461,-1795.39,0x00040000,2332,770
2332,_NoName,1,0,522.711,-1768.29,0x00000000,2331,771
2333,_NoName,1,0,518.274,-1865.78,0x00040000,2334,775
2334,_NoName,1,0,564.524,-1838.67,0x00000000,2333,776
2335,_NoName,1,0,555.968,-1932.04,0x00040000,2336,780
2336,_NoName,1,0,602.218,-1904.94,0x00000000,2335,781
2337,_NoName,1,0,595.573,-1996.92,0x00040000,2338,786
2338,_NoName,1,0,641.823,-1969.81,0x00000000,2337,785
2339,_NoName,1,0,700.838,-2170.15,0x00040000,2340,794
2340,_NoName,1,0,747.089,-2143.05,0x00000000,2339,795
2341,_NoName,1,0,743.016,-2242.13,0x00040000,2342,803
2342,_NoName,1,0,789.266,-2215.02,0x00000000,2341,804
2343,_NoName,1,0,785.486,-2312.09,0x00040000,2344,807
2344,_NoName,1,0,831.736,-2284.99,0x00000000,2343,808
2345,_NoName,1,0,1030.99,-2334.83,0x00040000,2346,840
2346,_NoName,1,0,1059.27,-2383.08,0x00000000,2345,841
2347,_NoName,1,0,960.864,-2376.46,0x00040000,2348,836
2348,_NoName,1,0,989.141,-2424.71,0x00000000,2347,837
2349,_NoName,1,0,890.435,-2419.59,0x00040000,2350,827
2350,_NoName,1,0,918.712,-2467.84,0x00000000,2349,832
2351,_NoName,1,0,667.098,-1559.65,0x00000000,2422,870
2352,_NoName,1,0,700.939,-1617.41,0x00000000,875,870
2354,_NoName,1,0,819.785,-1820.22,0x00000000,884,888
2355,_NoName,1,0,860.818,-1890.24,0x00000000,888,850
2356,_NoName,1,0,917.99,-1987.8,0x00000000,894,850
2357,_NoName,1,0,1004.92,-2136.15,0x00000000,898,904
2358,_NoName,1,0,1041.55,-2198.66,0x00000000,904,848
2359,_NoName,1,0,978.353,-2322.11,0x00000000,840,836
2360,_NoName,1,0,769.66,-2365.32,0x00000000,807,824
2361,_NoName,1,0,688.76,-2227.27,0x00000000,797,794
2362,_NoName,1,0,546.25,-1984.07,0x00000000,780,786
2364,_NoName,1,0,425.535,-1778.07,0x00000000,770,766
2365,_NoName,1,0,-348.547,251.453,0x00000000,54,44
2366,_NoName,1,0,-212.79,352.934,0x00000000,393,436
2367,_NoName,1,0,-20.6236,248.787,0x00000000,17,10
2368,_NoName,1,0,-485.487,-46.1598,0x00000000,36,34
2369,_NoName,1,0,-365.802,-250.403,0x00000000,424,548
2370,_NoName,1,0,-319.777,-328.944,0x00000000,548,553
2372,_NoName,1,0,-241.085,-463.233,0x00000000,558,563
2373,_NoName,1,0,-202.999,-528.227,0x00000000,565,569
2374,_NoName,1,0,-158.869,-603.534,0x00000000,569,575
2376,_NoName,1,0,-75.3809,-746.007,0x00000000,580,584
2377,_NoName,1,0,442.49,-336.028,0x00000000,1150,440
2378,_NoName,1,0,483.68,-244.249,0x00000000,1147,1728
2379,_NoName,1,0,619.01,57.1198,0x00000000,1740,1543
2380,_NoName,1,0,630.536,684.209,0x00000000,1817,1818
2381,_NoName,1,0,593.565,905.71,0x00000000,1872,1869
2382,_NoName,1,0,650.07,809.252,0x00000000,1866,1868
2383,_NoName,1,0,911.783,924.554,0x00000000,1877,1453
2384,_NoName,1,0,856.831,1071.28,0x00000000,1921,1455
2385,_NoName,1,0,824.521,1126.61,0x00000000,1921,1920
2387,_NoName,1,0,753.001,1248.4,0x00000000,1456,1919
2388,_NoName,1,0,353.341,1315.61,0x00000000,1954,1947
2389,_NoName,1,0,142.804,1637.1,0x00000000,1603,1610,1608
2391,_NoName,1,0,-550.501,3710.99,0x00000000,2029,1427
2393,_NoName,1,0,-76.2471,343.814,0x00000000,24,25
2394,_NoName,1,0,-276.305,299.956,0x00000000,29,28
2395,_NoName,1,0,-448.628,-23.365,0x00000000,34,321
2396,_NoName,1,0,-550.519,282.565,0x00000000,455,454
2397,_NoName,1,0,223.701,1378.17,0x00000000,1553,1983
2398,_NoName,1,0,199.69,1699.38,0x00000000,1590,1589,335
2399,_NoName,1,0,184.722,1682.56,0x00000000,1590,333
2400,_NoName,1,0,1130.59,1330.19,0x00000000,798,810
2401,_NoName,1,0,1130.21,1228.74,0x00040000,2402,556
2402,_NoName,1,0,1173.98,1254.38,0x00000000,2401,814
2403,_NoName,1,0,1173.94,1153.7,0x00040000,2404,566
2404,_NoName,1,0,1217.7,1179.35,0x00000000,2403,819
2405,_NoName,1,0,1218.64,1079.06,0x00040000,2406,573
2406,_NoName,1,0,1262.4,1104.7,0x00000000,2405,823
2407,_NoName,1,0,1262.68,1004.22,0x00040000,2408,581
2408,_NoName,1,0,1306.44,1029.86,0x00000000,2407,831
2409,_NoName,1,0,1313.34,914.507,0x00040000,2410,587
2410,_NoName,1,0,1357.1,940.151,0x00000000,2409,842
2411,_NoName,1,0,1359.25,839.425,0x00040000,2412,610
2412,_NoName,1,0,1403.01,865.068,0x00000000,2411,851
2413,_NoName,1,0,1402.02,763.837,0x00040000,2414,621
2414,_NoName,1,0,1445.78,789.48,0x00000000,2413,862
2415,_NoName,1,0,1446.97,690.267,0x00040000,2416,636
2416,_NoName,1,0,1490.73,715.911,0x00000000,2415,873
2417,_NoName,1,0,1490.2,614.983,0x00040000,2418,646
2418,_NoName,1,0,1533.96,640.627,0x00000000,2417,882
2419,_NoName,1,0,856.211,353.05,0x00000000,1658,606
2420,_NoName,1,0,837.38,310.413,0x00000000,2039,1657
2421,_NoName,1,0,778.788,180.307,0x00000000,1654,1653
2422,_NoName,1,0,656.765,-1541.76,0x00000000,853,2351
2423,_NoName,1,0,883.754,861.793,0x00000000,2111,1876
2424,US,1,1,355.371,-1480.72,0x80000011,343,647
2427,_NoName,1,0,1005.31,1182.11,0x00008000,1221,612
2428,_NoName,1,0,1041.26,1120.76,0x00008000,1220,1221
2429,_NoName,1,0,1091.55,1034.94,0x00008000,1218,1220
2430,_NoName,1,0,1105.62,813.105,0x00008000,1203,375
2431,_NoName,1,0,1041.41,922.683,0x00008000,1208,1203
2432,_NoName,1,0,1146.03,744.139,0x00008000,375,373
2433,_NoName,1,0,1011.99,972.874,0x00008000,1178,1208
2434,_NoName,1,0,953.619,1072.49,0x00008000,1211,1223
2435,_NoName,1,0,918.145,1133.03,0x00008000,1924,1223
2436,_NoName,1,0,831.032,1281.69,0x00008000,1924,1225
2437,_NoName,1,0,797.578,1338.77,0x00008000,1225,1229
2438,_NoName,1,0,1166.72,806.476,0x00008000,375,1192
2439,_NoName,1,0,1147.86,499.759,0x00008000,1195,1179
2441,_NoName,1,0,1192.2,358.971,0x00008000,1174,1186
2442,_NoName,1,0,1206.31,326.797,0x00008000,1186,1180
2443,_NoName,1,0,977.076,120.415,0x00008000,1163,1167
2444,_NoName,1,0,1063.33,69.0064,0x00008000,1183,1165
2445,_NoName,1,0,1031.53,-1.18087,0x00008000,1165,193
2446,_NoName,1,0,71.2314,-323.292,0x00000000,1108,1088
2448,_NoName,1,0,960.02,-1244.43,0x00000000,2449
2449,_NoName,1,0,908.395,-1274.68,0x00040000,966,2448,2447
2450,_NoName,1,0,849.768,-1272.17,0x00000000,966,961
2451,_NoName,1,0,119.369,-332.027,0x00000000,1103,2211
2452,_NoName,1,0,43.5783,-353.336,0x00000000,1110,2213
1802,_NoName,1,0,984.101,2120.43,0x80008000,1800,1498
2104,_NoName,1,0,1061.98,1986.23,0x80000000,1505,1500
1516,_NoName,1,0,1226.2,1899.32,0x80000000,1515,1517
2454,_NoName,1,0,1148.61,367.646,0x00000000,2092,1173,1174
290,A/1,1,1,122.063,-1458.46,0x80008011,289,2083
60,A/10,1,1,-1138.83,693.256,0x80008011,81,94
102,A/11,1,1,-1319.1,1000.89,0x80008011,103,101
820,A/12,1,1,681.051,-2412.38,0x80008011,818,369
361,A/13,1,1,568.001,-2219.46,0x80008011,348,362
346,A/14,1,1,423.94,-1973.62,0x80008011,345,347
320,A/15,1,1,267.12,-1706,0x80008011,303,322
260,A/2,1,1,15.4713,-1276.56,0x80008011,225,261
218,A/3,1,1,-139.137,-1012.72,0x80008011,217,219
182,A/4,1,1,-324.885,-695.744,0x80008011,181,183
91,A/5,1,1,-429.903,-516.528,0x80008011,92,147
166,A/6,1,1,-572.345,-273.45,0x80008011,165,174
159,A/7,1,1,-689.796,-73.0211,0x80008011,63,160
64,A/8,1,1,-830.399,166.92,0x80008011,59,65
76,A/9,1,1,-999.302,455.152,0x80008011,75,77
107,A1/1,1,1,-1441.82,1061.09,0x80020001,108,106
106,A1/2,1,0,-1422.9,1072.65,0x00020000,107,105
374,A10/1,1,1,564.127,-2363.06,0x80020001,331,2137
2137,A10/2,1,0,586.476,-2349.91,0x00020000,363,374
98,A2/1,1,1,-1342.59,891.609,0x80020001,115,99
99,A2/2,1,0,-1323,903.006,0x00020000,98,2072
127,A3/1,1,1,-975.16,212.022,0x80020001,128,70
146,A4/1,1,1,-747.462,-179.004,0x80020001,167,142
88,A5/1,1,1,-520.631,-564.565,0x80020001,93,87
200,A6/1,1,1,-399.134,-766.576,0x80020001,201,195
230,A7/1,1,1,-173.211,-1153.51,0x80020001,252,229
309,A8/1,1,1,57.3075,-1544.07,0x80020001,316,313
350,A9/1,1,1,465.036,-2193.73,0x80020001,351,349
349,A9/2,1,0,494.618,-2176.53,0x00020000,2136,350
1399,B/1,1,1,-715.024,4118.03,0x80008011,1343,1359
1645,B/2,1,1,-330.823,3462.4,0x80008011,1644,1646
1502,B/3,1,1,-9.71702,2914.52,0x80008011,1342,1501
1349,B1/1,1,1,-742.71,4374.89,0x80020001,2132,1350
1350,B1/2,1,0,-763.13,4362.94,0x00020000,1349,1348
1366,B2/1,1,1,-684.602,4256.04,0x80020001,1367,1365
1376,B3/1,1,1,-597.751,4130.89,0x80020001,1378,1392
1392,B3/2,1,0,-623.306,4115.34,0x00020000,1376,1391
1412,B4/1,1,1,-541.543,4012,0x80020001,2032,1413
1435,B5/1,1,1,-58.1826,3189.53,0x80020001,1436,1434
1636,B6/1,1,1,357.132,2484.93,0x80020001,1635,1638
1293,B7/1,1,1,480.451,2271.93,0x80020001,1297,1648
1298,B8/1,1,1,510.114,2244.98,0x80020001,1302,2135
2135,B8/2,1,0,496.407,2236.88,0x00020000,1295,1298
1485,B9/1,1,1,671.092,2339.2,0x80020001,1486,1493
1493,B9/2,1,0,711.967,2362.98,0x00020000,1491,1485
1331,C/1,1,1,250.769,2375.59,0x80008011,1479,1477
71,C/10,1,1,801.587,-269.003,0x80008011,97,21
670,C/11,1,1,442.445,-847.379,0x80008011,668,669
251,K/12,1,1,213.32,-982.22,0x80008011,250,622
1598,C/2,1,1,212.808,2083.22,0x80008011,1583,1587
1574,C/3,1,1,231.086,1811.59,0x80008011,1579,1470
1237,C/4,1,1,697.302,1444.76,0x80008011,2049,1238,1912
1924,C/5,1,1,871.996,1211.78,0x80008011,2435,2436
1211,C/6,1,1,986.866,1015.75,0x80008011,1178,2434
1203,C/7,1,1,1069.07,875.474,0x80008011,2431,2430
2045,C/8,1,1,1198.95,624.572,0x80008011,1179,373
1168,C/9,1,1,1073.36,255.252,0x80008011,1167,2044
2353,Y/1,1,1,780.173,-1752.62,0x80000011,884,880
900,Y/2,1,1,963.154,-2064.88,0x80000011,898,894
1280,E2/1,1,1,453.357,1714.21,0x80008011,1284,1464
1252,E3/1,1,1,543.989,1549.44,0x80008011,1251,2093
1271,E3/GWY,1,0,475.501,1509.63,0x00000000,1258,1936
1233,E4/GWY,1,0,666.344,1396.58,0x00000000,1912,1451
1228,E5/GWY,1,0,777.257,1290.83,0x00000000,1225,1456
372,E6/GWY,1,0,902.214,1076.91,0x00000000,1455,1224
370,E7/GWY,1,0,962.187,954.292,0x00000000,1453,1209,2100
1513,F/1,1,1,1128.3,1900.37,0x80000011,1511,1512
1398,F1/1,1,1,-719.788,4059.02,0x80000011,1343,1393
1405,F2/1,1,1,-635.664,3884.43,0x80000011,1404,1406
1427,F3/1,1,1,-529.349,3722.95,0x80000011,2391,1428
298,D/2,1,1,245.553,-1503.69,0x80008011,296,340,2080
323,M1,1,0,340.262,-1731.7,0x00000000,322,763
360,M2,1,0,574.054,-2130.18,0x00000000,348,791
371,M3/1,1,0,660.603,-2278.7,0x00000000,365,2090,797
816,M4,1,0,750.583,-2430.9,0x00000000,824,2088
1328,K/1,1,1,311.404,2412.96,0x80008011,1311,1329
660,K/10,1,1,492.619,-953.487,0x80008011,634,661
635,D/1,1,1,360.96,-1248.84,0x80008011,334,637
1640,K/2,1,1,546.182,1977.91,0x80008011,1642,1639
1925,K/3,1,1,711.549,1532.86,0x80008011,1219,1240
612,K/4,1,1,962.227,1255.63,0x80008011,2427,1176
1220,K/5,1,1,1064.8,1080.58,0x80008011,2429,2428
2425,K/6,1,1,1158.61,920.496,0x80008011,1216,1207
1190,K/7,1,1,1310.39,626.912,0x80008011,1189,1191
1182,K/8,1,1,1177.2,221.992,0x80008011,2042,1183
222,K/9,1,1,887.295,-321.49,0x80008011,232,193
2390,L/1,1,1,1170.7,1484.58,0x80008011,640,1531
2453,L/2,1,1,1158.97,1980.54,0x80000011,1510,1509
731,M/1,1,0,606.336,-1187.92,0x80000010,708,736
702,M/2,1,1,483.38,-1463.45,0x80000011,656,657
809,M/3,1,1,731.317,-2299.89,0x80000011,807,803
471,M/4,1,1,641.291,-2146.26,0x80000011,794,791
2363,M/5,1,1,505.844,-1915.12,0x80000011,775,780
343,_NoName,1,0,334.624,-1444.92,0x00000000,457,462,2424
641,_NoName,1,0,449.579,-1188.52,0x00000000,534,643,672
709,M3/GWY,1,0,636.647,-912.4,0x00000000,988
914,X/1,1,0,789.294,-1451.05,0x80000010,921,854
802,Z/1,1,0,747.988,-2028.04,0x80000010,801,849
2129,P/1,1,0,164.121,1480.15,0x80000010,1995,2009
2386,P/2,1,0,786.402,1191.69,0x80000010,1919,1920
1878,P/3,1,0,837.918,759.463,0x80000010,377,1874
1474,P1/GWY,1,0,147.309,1938.23,0x00000000,1473,1564
1589,P2/GWY,1,0,213.111,1713.9,0x00000000,1555,2398
1933,P3/1,1,0,400.645,1465.8,0x80000010,1934,342
468,C/13,1,1,-639.26,434.248,0x80000011,459,464
52,C/14,1,1,-444.745,102.307,0x80000011,46,51
53,RMP/9,1,1,-406.503,217.183,0x80000011,54,450
48,_NoName,1,0,-428.324,136.592,0x80000000,31,46
38,RMP/4,1,1,-536.319,40.586,0x80000011,332,40
423,RMP/5,1,1,-420.424,-157.19,0x80000011,43,424
2371,RMP/6,1,1,-277.642,-400.848,0x80000011,553,558
2375,RMP/7,1,1,-115.637,-677.309,0x80000011,575,580
600,RMP/8,1,1,10.625,-892.777,0x80000011,591,12
1358,RWY16L,1,0,-599.873,4318.59,0x00000004,1357
1375,RWY16L_B2,1,0,-421.288,4013.83,0x00010004,1374
1384,RWY16L_B3,1,0,-470.957,4098.81,0x00000004,1383
1423,RWY16L_B4,1,0,-274.375,3763.12,0x00010004,1422
1449,RWY16L_B5,1,0,250.339,2867.7,0x00010004,1448
114,RWY16R,1,0,-1487.44,896.546,0x00000004,113
123,RWY16R_A2,1,0,-1341.54,647.565,0x00000004,122
136,RWY16R_A3,1,0,-888.187,-126.476,0x00010004,135
158,RWY16R_A4,1,0,-666.195,-505.107,0x00010004,157
145,RWY16R_A5,1,0,-436.096,-897.688,0x00010004,144
382,RWY34L,1,0,408.799,-2339.99,0x00000004,381
208,RWY34L_A6,1,0,-645.458,-540.495,0x00010004,207
259,RWY34L_A7,1,0,-424.854,-916.874,0x00010004,258
319,RWY34L_A8,1,0,-202.947,-1295.72,0x00010004,318
359,RWY34L_A9,1,0,250.458,-2069.78,0x00000004,358
1318,RWY34R,1,0,506.089,2431.26,0x00000004,1317
1628,RWY34R_B6,1,0,274.623,2826.26,0x00010004,1629
1327,RWY34R_B7,1,0,387.686,2633.31,0x00010004,1326
1538,S/1,1,0,969.657,441.101,0x80000010,2036,2037
624,C/15,1,1,245.507,-1016.61,0x80008011,623,2076
281,C/16,1,1,161.18,-1205.3,0x80008011,278,279,291
273,C/17,1,1,118.183,-1302.26,0x80008011,266,19,2079
326,U/1,1,1,221.206,-1251.31,0x80008011,291,328
243,UN,1,0,65.8834,-987.075,0x00000000,1011,244
630,T/3,1,1,343.938,-1007.13,0x80008011,629,627
427,TN,1,0,259.791,-864.377,0x00000000,615,605,607
665,S3/1,1,1,590.337,-833.378,0x80008011,664,666
1012,S3/GWY,1,0,523.204,-718.765,0x00000000,667,2062
1016,S4/1,1,1,643.06,-735.346,0x80008011,1015,1025,1019,2059
1031,S4/GWY,1,0,575.842,-620.549,0x00000000,1017
1174,S6/1,1,1,1158.93,363.568,0x80008011,2454,2441
1175,S6/GWY,1,0,1051.06,411.742,0x00000000,2073,2036
2440,S7/1,1,1,1180.37,458.152,0x80008011,1195,1194
1196,S7/GWY,1,0,1088.48,499.409,0x00000000,1537,1195
27,SPOT101,1,0,368.382,1591.56,0x00000002,2163
35,SPOT102,1,0,307.869,1556.29,0x00000002,2161
39,SPOT103,1,0,245.764,1519.71,0x00000002,2160
1601,SPOT104,1,0,227.395,1551.05,0x00000002,2159
2392,SPOT11,1,0,-71.8154,172.095,0x00000002,2266
2,SPOT12,1,0,-88.8568,213.291,0x00000002,15
3,SPOT14,1,0,-122.393,254.551,0x00000002,20
4,SPOT15,1,0,-167.495,234.556,0x00000002,2265
1618,SPOT150,1,0,-8.07123,1628.63,0x00000002,1625
2007,SPOT152,1,0,30.9358,1528.33,0x00000002,2015
2006,SPOT153,1,0,54.955,1492.08,0x00000002,2014
2005,SPOT154,1,0,74.5892,1454.26,0x00000002,2017
1994,SPOT155,1,0,97.4208,1415.3,0x00000002,2150
5,SPOT16,1,0,-190.429,194.128,0x00000002,2264
1612,SPOT161,1,0,52.9885,1679.85,0x00000002,1614
1606,SPOT162,1,0,84.6667,1712.2,0x00000002,2144
1595,SPOT163,1,0,115.749,1744.29,0x00000002,2143
1580,SPOT164,1,0,147.5,1777.08,0x00000002,1586
6,SPOT17,1,0,-176.043,150.301,0x00000002,403
1567,SPOT174,1,0,93.7816,1812.65,0x00000002,2142
1571,SPOT175,1,0,124.673,1843.4,0x00000002,2141
7,SPOT18,1,0,-138.934,123.334,0x00000002,2263
1047,SPOT191,1,0,425.017,-710.988,0x00000002,2240
1003,SPOT192,1,0,388.195,-790.672,0x00000002,2241
428,SPOT201,1,0,-168.828,517.698,0x00000002,2267
435,SPOT202,1,0,-242.171,474.803,0x00000002,2268
439,SPOT203,1,0,-325.7,435.549,0x00000002,2270
442,SPOT204,1,0,-387.86,395.614,0x00000002,2271
448,SPOT205,1,0,-444.038,336.658,0x00000002,2272
456,SPOT206,1,0,-456.643,393.075,0x00000002,2284
460,SPOT207,1,0,-499.429,466.516,0x00000002,2282
465,SPOT208,1,0,-542.4,539.848,0x00000002,2280
469,SPOT209,1,0,-585.469,613.173,0x00000002,2278
409,SPOT21,1,0,-234.16,-31.5658,0x00000002,2262
474,SPOT210,1,0,-633.583,695.138,0x00000002,2276
480,SPOT211,1,0,-688.586,789.255,0x00000002,2274
488,SPOT212,1,0,-733.33,864.525,0x00000002,2285
413,SPOT22,1,0,-290.947,-23.0643,0x00000002,414
493,SPOT221,1,0,-631.81,251.098,0x00000002,2297
499,SPOT222,1,0,-666.55,310.554,0x00000002,2295
505,SPOT223,1,0,-705.7,376.85,0x00000002,2293
509,SPOT224,1,0,-744.744,443.309,0x00000002,2291
515,SPOT225,1,0,-784.002,510.645,0x00000002,2289
521,SPOT226,1,0,-828.941,587.544,0x00000002,2287
124,SPOT23,1,0,-322.563,-55.3779,0x00000002,2261
532,SPOT231,1,0,-920.634,783.062,0x00000002,2301
540,SPOT232,1,0,-965.996,860.759,0x00000002,2299
418,SPOT24,1,0,-317.434,-103.342,0x00000002,2260
425,SPOT25,1,0,-277.455,-139.369,0x00000002,2243
549,SPOT26,1,0,-229.797,-220.64,0x00000002,2245
554,SPOT27,1,0,-183.276,-299.814,0x00000002,2247
559,SPOT31,1,0,-145.27,-364.53,0x00000002,2249
1112,SPOT32,1,0,-56.5697,-302.927,0x00000002,2212
564,SPOT33,1,0,-107.091,-429.014,0x00000002,2251
1109,SPOT34,1,0,-28.312,-395.464,0x00000002,2213
570,SPOT35,1,0,-69.721,-492.928,0x00000002,2253
1098,SPOT36,1,0,9.60546,-460.172,0x00000002,2215
574,SPOT37,1,0,-21.2091,-575.714,0x00000002,2255
1083,SPOT38,1,0,47.5823,-525.15,0x00000002,2216
248,SPOT401,1,0,976.397,793.783,0x00000002,2177
249,SPOT402,1,0,938.608,707.952,0x00000002,282
262,SPOT403,1,0,899.651,623.862,0x00000002,265
579,SPOT41,1,0,19.3101,-644.717,0x00000002,2257
1737,SPOT410,1,0,576.642,284.717,0x00000002,2191
1734,SPOT411,1,0,541.646,203.774,0x00000002,2193
1732,SPOT412,1,0,524.177,142.542,0x00000002,2194
585,SPOT42,1,0,57.6016,-710.347,0x00000002,2259
247,SPOT421,1,0,667.001,-369.918,0x00000002,2237
685,SPOT422,1,0,701.082,-293.045,0x00000002,2235
1681,SPOT423,1,0,738.742,-213.155,0x00000002,2233
1677,SPOT424,1,0,772.45,-134.078,0x00000002,2231
1691,SPOT425,1,0,805.721,-56.6771,0x00000002,2229
1701,SPOT426,1,0,841.641,18.7673,0x00000002,2227
1711,SPOT427,1,0,880.373,102.961,0x00000002,2226
1721,SPOT428,1,0,915.679,182.855,0x00000002,2225
1661,SPOT429,1,0,922.972,251.969,0x00000002,2224
599,SPOT43,1,0,85.1664,-747.613,0x00000002,601
1660,SPOT430,1,0,941.033,292.403,0x00000002,2222
1659,SPOT431,1,0,965.73,328.579,0x00000002,2220
611,SPOT44,1,0,126.114,-725.598,0x00000002,2238
810,SPOT441,1,0,1167.52,1351.83,0x00000002,2400
814,SPOT442,1,0,1211.48,1276.65,0x00000002,2402
819,SPOT443,1,0,1255.32,1201.41,0x00000002,2404
823,SPOT444,1,0,1299.26,1126.52,0x00000002,2406
831,SPOT445,1,0,1343.5,1051.37,0x00000002,2408
842,SPOT446,1,0,1395.74,962.586,0x00000002,2410
851,SPOT447,1,0,1440.21,886.755,0x00000002,2412
862,SPOT448,1,0,1484.26,811.829,0x00000002,2414
873,SPOT449,1,0,1527.61,737.656,0x00000002,2416
1000,SPOT45,1,0,140.165,-675.001,0x00000002,2239
882,SPOT450,1,0,1571.69,662.668,0x00000002,2418
1058,SPOT46,1,0,181.336,-611.369,0x00000002,2218
1074,SPOT47,1,0,126.138,-565.824,0x00000002,2217
956,SPOT501,1,0,926.538,-1143.51,0x00000002,2310
938,SPOT502,1,0,888.308,-1077.84,0x00000002,2308
970,SPOT503,1,0,850.628,-1014.11,0x00000002,2306
973,SPOT504,1,0,812.371,-948.436,0x00000002,2304
976,SPOT505,1,0,770.934,-881.068,0x00000002,2302
740,SPOT508,1,0,553.89,-1007.19,0x00000002,741
744,SPOT509,1,0,540.555,-1046.05,0x00000002,746
1102,SPOT51,1,0,184.463,-293.882,0x00000002,2211
737,SPOT510,1,0,509.708,-1113.91,0x00000002,739
692,SPOT511,1,0,410.359,-1332.79,0x00000002,2311
1094,SPOT52,1,0,214.108,-348.749,0x00000002,2210
1079,SPOT53,1,0,258.278,-372.08,0x00000002,2209
1134,SPOT54,1,0,297.653,-353.435,0x00000002,2208
1158,SPOT55,1,0,314.304,-302.485,0x00000002,2206
1116,SPOT56,1,0,344.488,-234.078,0x00000002,2204
1155,SPOT57A,1,0,379.049,-147.9,0x00000002,2202
1729,SPOT57B,1,0,419.277,-80.3761,0x00000002,2200
1730,SPOT58A,1,0,457.128,9.56876,0x00000002,2198
1731,SPOT58B,1,0,487.927,77.4994,0x00000002,2196
1805,SPOT61,1,0,395.543,849.769,0x00000002,2179
1806,SPOT62,1,0,433.447,785.086,0x00000002,2181
1807,SPOT63,1,0,471.414,720.295,0x00000002,2183
1808,SPOT64,1,0,509.319,655.611,0x00000002,2185
1809,SPOT65,1,0,546.781,591.681,0x00000002,2187
1508,SPOT66,1,0,573.877,533.909,0x00000002,2188
1803,SPOT67,1,0,614.125,448.811,0x00000002,2189
1790,SPOT68,1,0,612.4,365.915,0x00000002,2190
861,SPOT701,1,0,536.624,-1511.02,0x00000002,2312
865,SPOT702,1,0,527.324,-1581.41,0x00000002,2313
869,SPOT703,1,0,567.314,-1649.63,0x00000002,2315
874,SPOT704,1,0,606.39,-1717,0x00000002,2317
879,SPOT705,1,0,646.486,-1785.06,0x00000002,2319
885,SPOT706,1,0,685.773,-1852.52,0x00000002,2321
890,SPOT707,1,0,725.797,-1920.57,0x00000002,2323
895,SPOT708,1,0,828.658,-2095.74,0x00000002,2325
899,SPOT709,1,0,870.587,-2165.96,0x00000002,2327
1956,SPOT71,1,0,262.634,1077.55,0x00000002,2157
903,SPOT710,1,0,911.797,-2238.06,0x00000002,2329
1958,SPOT72,1,0,223.67,1144.04,0x00000002,2156
1960,SPOT73,1,0,185.767,1208.72,0x00000002,2155
1962,SPOT74,1,0,147.535,1273.09,0x00000002,2154
1964,SPOT75,1,0,110.366,1337.4,0x00000002,2152
767,SPOT801,1,0,519.32,-1676.49,0x00000002,2330
771,SPOT802,1,0,560.277,-1746.44,0x00000002,2332
776,SPOT803,1,0,602.093,-1816.83,0x00000002,2334
781,SPOT804,1,0,640.197,-1882.68,0x00000002,2336
785,SPOT805,1,0,678.856,-1948.01,0x00000002,2338
795,SPOT806,1,0,781.481,-2123.26,0x00000002,2340
804,SPOT807,1,0,823.541,-2194.79,0x00000002,2342
808,SPOT808,1,0,865.082,-2265.42,0x00000002,2344
1883,SPOT81,1,0,623.549,1226.24,0x00000002,2167
1888,SPOT82,1,0,534.014,1200.59,0x00000002,1939
1884,SPOT83,1,0,585.633,1290.94,0x00000002,2165
1889,SPOT84,1,0,505.383,1252.66,0x00000002,1940
1890,SPOT86,1,0,452.132,1345.59,0x00000002,1941
1887,SPOT88,1,0,483.16,1385.62,0x00000002,2164
841,SPOT902,1,0,1077.88,-2414.85,0x00000002,2346
837,SPOT903,1,0,1008.17,-2457.26,0x00000002,2348
832,SPOT904,1,0,936.264,-2497.74,0x00000002,2350
1856,SPOT91,1,0,661.461,1161.55,0x00000002,2169
1848,SPOT92,1,0,635.126,1029.5,0x00000002,2178
1855,SPOT93,1,0,699.411,1096.78,0x00000002,2171
1849,SPOT94,1,0,666.473,979.857,0x00000002,1860
1854,SPOT95,1,0,737.194,1031.88,0x00000002,2173
1850,SPOT96,1,0,719.691,889.468,0x00000002,1863
1853,SPOT97,1,0,775.323,967.238,0x00000002,2175
1851,SPOT98,1,0,766.411,899.8,0x00000002,1880
1852,SPOT99,1,0,796.227,931.593,0x00000002,2176
2447,SPOTRU1,1,0,994.152,-1224.42,0x00000002,2449
2040,T/1,1,0,967.906,545.113,0x80000010,1198,2041
1739,T/2,1,0,589.386,-9.168,0x80000010,1740,1545
1149,RMP/1,1,0,410.645,-407.43,0x80000010,1140,1161
596,RMP/2,1,1,130.282,-914.699,0x80000011,595,603
1045,RMP/3,1,0,282.465,-692.668,0x80000010,1043,1002
2426,T10/1,1,0,867.629,437.546,0x80000010,1549,1536
1065,T3/1,1,0,408.63,-565.072,0x80000010,1066,1130
1069,T3/2,1,0,487.95,-658.448,0x80000010,1067
1121,T4/1,1,0,440.035,-468.984,0x80000010,1120
1119,T4/2,1,0,552.517,-580.979,0x80000010,1118
1146,T5/1,1,0,490.836,-336.408,0x80000010,1148
1023,T6/1,1,0,614.601,-66.0214,0x80000010,2021,438
632,T7/1,1,0,732.791,190.937,0x80000010,1064,1653
1542,T8/1,1,0,798.654,397.378,0x80000010,408,1541
541,U5/GWY,1,0,1023.01,1341.58,0x00000000,537,545
889,U6/GWY,1,0,1065.77,1172.91,0x00000000,891,1221
897,U7/GWY,1,0,1150.43,1028.98,0x00000000,892,1218
902,U8/GWY,1,0,1252.07,856.397,0x00000000,602,1192
271,P/4,1,1,72.4743,-1175.92,0x80008011,270,272
235,P/5,1,1,-52.7089,-962.294,0x80008011,234,236
215,P/6,1,1,-145.28,-804.321,0x80008011,213,214
188,P/7,1,1,-240.522,-641.791,0x80008011,187,189
155,P/8,1,1,-356.759,-443.432,0x80008011,154,178
163,P/9,1,1,-485.737,-223.331,0x80008011,162,168
171,P/10,1,1,-603.829,-21.8056,0x80008011,170,172
506,P/11,1,1,-785.797,288.723,0x80000011,500,504
522,P/12,1,1,-902.005,487.034,0x80000011,514,520
216,P7/1,1,0,-64.7962,-852.717,0x80000010,212,589
329,C2/1,1,0,223.263,-1291.82,0x80008010,283,328
79,P1/1,1,0,-1021.37,594.031,0x80000010,78,486
74,P2/1,1,0,-887.412,364.973,0x80000010,67,498
41,P3/1,1,0,-618.178,93.2261,0x80000010,40,56
173,P3/2,1,0,-680.895,109.284,0x80000010,56,497
42,P4/1,1,0,-511.89,-90.1767,0x80000010,34,169
179,P5/1,1,0,-383.038,-310.134,0x80000010,177,548
180,P6/1,1,0,-254.472,-529.248,0x80000010,150,565
2455,_NoName,1,0,-270.14,106.733,0x00000000,402,401,404
2456,_NoName,1,0,-262.796,86.1872,0x00000000,404,405
